politician_raw,issuer_raw,pub_date_raw,trade_date_raw,type_raw,size_raw,senator,ticker,asset_description,transaction_date,disclosure_date,amount_est,type,asset_type,sector
"Kevin Hern
RepublicanHouseOK","Waters Corp
WAT:US","06:01
Today","8 Feb
2026",EXCHANGE,1K–15K,Kevin Hern,WAT,Waters Corp,2026-02-08,2026-03-06 14:57:28.570662,8000.0,Exchange,Stock,
"Steve Cohen
DemocratHouseTN","US TREASURY BILLS
N/A","06:01
Today","19 Feb
2026",BUY,250K–500K,Steve Cohen,,US TREASURY BILLS,2026-02-19,2026-03-06 14:57:28.570662,375000.0,Buy,Stock,
"Lloyd Doggett
DemocratHouseTX","The Procter & Gamble Co
PG:US","06:01
Today","16 Feb
2026",BUY,1K–15K,Lloyd Doggett,PG,The Procter & Gamble Co,2026-02-16,2026-03-06 14:57:28.570662,8000.0,Buy,Stock,
"John Fetterman
DemocratSenatePA","PARAMOUNT GLOBAL
N/A","13:15
Yesterday","17 Feb
2026",SELL,1K–15K,John Fetterman,,PARAMOUNT GLOBAL,2026-02-17,2026-03-05 14:57:28.570662,8000.0,Sell,Stock,
"John Fetterman
DemocratSenatePA","CELANESE US HOLDINGS LLC
N/A","13:15
Yesterday","3 Feb
2026",SELL,1K–15K,John Fetterman,,CELANESE US HOLDINGS LLC,2026-02-03,2026-03-05 14:57:28.570662,8000.0,Sell,Stock,
"John Fetterman
DemocratSenatePA","V.F. Corp
VFC:US","13:15
Yesterday","2 Feb
2026",SELL,1K–15K,John Fetterman,VFC,V.F. Corp,2026-02-02,2026-03-05 14:57:28.570662,8000.0,Sell,Stock,
"Lisa McClain
RepublicanHouseMI","BIGBEAR.AI HOLDINGS INC
BBAI:US","06:05
Yesterday","3 Feb
2026",BUY,1K–15K,Lisa McClain,BBAI,BIGBEAR.AI HOLDINGS INC,2026-02-03,2026-03-05 14:57:28.570662,8000.0,Buy,Stock,
"Lisa McClain
RepublicanHouseMI","BIGBEAR.AI HOLDINGS INC
BBAI:US","06:05
Yesterday","5 Feb
2026",BUY,15K–50K,Lisa McClain,BBAI,BIGBEAR.AI HOLDINGS INC,2026-02-05,2026-03-05 14:57:28.570662,32500.0,Buy,Stock,
"Dave McCormick
RepublicanSenatePA","MERCER COUNTY
N/A","4 Mar
2026","9 Feb
2026",BUY,250K–500K,Dave McCormick,,MERCER COUNTY,2026-02-09,2026-03-04 00:00:00.000000,375000.0,Buy,Stock,
"Dave McCormick
RepublicanSenatePA","DALLAS INDEPENDENT SCHOOL DISTRICT DALLAS COUNTY TEXAS
N/A","4 Mar
2026","18 Feb
2026",BUY,500K–1M,Dave McCormick,,DALLAS INDEPENDENT SCHOOL DISTRICT DALLAS COUNTY TEXAS,2026-02-18,2026-03-04 00:00:00.000000,250500000.0,Buy,Stock,
"Dave McCormick
RepublicanSenatePA","GS FINANCE CORP
N/A","4 Mar
2026","17 Feb
2026",BUY,100K–250K,Dave McCormick,,GS FINANCE CORP,2026-02-17,2026-03-04 00:00:00.000000,175000.0,Buy,Stock,
"Dave McCormick
RepublicanSenatePA","GS FINANCE CORP
N/A","4 Mar
2026","16 Feb
2026",BUY,100K–250K,Dave McCormick,,GS FINANCE CORP,2026-02-16,2026-03-04 00:00:00.000000,175000.0,Buy,Stock,
"Dave McCormick
RepublicanSenatePA","POTTSVILLE HOSPITAL AUTHORITY
N/A","4 Mar
2026","11 Feb
2026",BUY,500K–1M,Dave McCormick,,POTTSVILLE HOSPITAL AUTHORITY,2026-02-11,2026-03-04 00:00:00.000000,250500000.0,Buy,Stock,
"Dave McCormick
RepublicanSenatePA","GS FINANCE CORP
N/A","4 Mar
2026","10 Feb
2026",BUY,100K–250K,Dave McCormick,,GS FINANCE CORP,2026-02-10,2026-03-04 00:00:00.000000,175000.0,Buy,Stock,
"Dave McCormick
RepublicanSenatePA","PENNSYLVANIA HIGHER EDUCATIONAL FACILITIES AUTHORITY
N/A","4 Mar
2026","10 Feb
2026",BUY,1M–5M,Dave McCormick,,PENNSYLVANIA HIGHER EDUCATIONAL FACILITIES AUTHORITY,2026-02-10,2026-03-04 00:00:00.000000,3000000.0,Buy,Stock,
"Dave McCormick
RepublicanSenatePA","ALVIN INDEPENDENT SCHOOL DISTRICT
N/A","4 Mar
2026","10 Feb
2026",BUY,500K–1M,Dave McCormick,,ALVIN INDEPENDENT SCHOOL DISTRICT,2026-02-10,2026-03-04 00:00:00.000000,250500000.0,Buy,Stock,
"Dave McCormick
RepublicanSenatePA","UPPER UWCHLAN TOWNSHIP PENNSYLVANIA
N/A","4 Mar
2026","10 Feb
2026",BUY,50K–100K,Dave McCormick,,UPPER UWCHLAN TOWNSHIP PENNSYLVANIA,2026-02-10,2026-03-04 00:00:00.000000,75000.0,Buy,Stock,
"Dave McCormick
RepublicanSenatePA","GS FINANCE CORP
N/A","4 Mar
2026","9 Feb
2026",BUY,100K–250K,Dave McCormick,,GS FINANCE CORP,2026-02-09,2026-03-04 00:00:00.000000,175000.0,Buy,Stock,
"Dave McCormick
RepublicanSenatePA","GS FINANCE CORP
N/A","4 Mar
2026","8 Feb
2026",BUY,100K–250K,Dave McCormick,,GS FINANCE CORP,2026-02-08,2026-03-04 00:00:00.000000,175000.0,Buy,Stock,
"Dave McCormick
RepublicanSenatePA","CORPUS CHRISTI INDEPENDENT SCHOOL DISTRICT
N/A","4 Mar
2026","8 Feb
2026",BUY,500K–1M,Dave McCormick,,CORPUS CHRISTI INDEPENDENT SCHOOL DISTRICT,2026-02-08,2026-03-04 00:00:00.000000,250500000.0,Buy,Stock,
"Dave McCormick
RepublicanSenatePA","COMMONWEALTH OF PENNSYLVANIA
N/A","4 Mar
2026","5 Feb
2026",BUY,500K–1M,Dave McCormick,,COMMONWEALTH OF PENNSYLVANIA,2026-02-05,2026-03-04 00:00:00.000000,250500000.0,Buy,Stock,
"Dave McCormick
RepublicanSenatePA","DELAWARE COUNTY PENNSYLVANIA
N/A","4 Mar
2026","4 Feb
2026",BUY,500K–1M,Dave McCormick,,DELAWARE COUNTY PENNSYLVANIA,2026-02-04,2026-03-04 00:00:00.000000,250500000.0,Buy,Stock,
"Dave McCormick
RepublicanSenatePA","PENNSYLVANIA TURNPIKE COMMISSION
N/A","4 Mar
2026","4 Feb
2026",BUY,250K–500K,Dave McCormick,,PENNSYLVANIA TURNPIKE COMMISSION,2026-02-04,2026-03-04 00:00:00.000000,375000.0,Buy,Stock,
"Dave McCormick
RepublicanSenatePA","COMMONWEALTH OF PENNSYLVANIA
N/A","4 Mar
2026","3 Feb
2026",BUY,500K–1M,Dave McCormick,,COMMONWEALTH OF PENNSYLVANIA,2026-02-03,2026-03-04 00:00:00.000000,250500000.0,Buy,Stock,
"Dave McCormick
RepublicanSenatePA","COMMONWEALTH OF PENNSYLVANIA
N/A","4 Mar
2026","3 Feb
2026",BUY,100K–250K,Dave McCormick,,COMMONWEALTH OF PENNSYLVANIA,2026-02-03,2026-03-04 00:00:00.000000,175000.0,Buy,Stock,
"Dave McCormick
RepublicanSenatePA","GS FINANCE CORP
N/A","4 Mar
2026","2 Feb
2026",BUY,100K–250K,Dave McCormick,,GS FINANCE CORP,2026-02-02,2026-03-04 00:00:00.000000,175000.0,Buy,Stock,
"Dave McCormick
RepublicanSenatePA","SOUTHCENTRAL PENNSYLVANIA GENERAL AUTHORITY
N/A","4 Mar
2026","2 Feb
2026",BUY,500K–1M,Dave McCormick,,SOUTHCENTRAL PENNSYLVANIA GENERAL AUTHORITY,2026-02-02,2026-03-04 00:00:00.000000,250500000.0,Buy,Stock,
"Dave McCormick
RepublicanSenatePA","STATE OF WASHINGTON
N/A","4 Mar
2026","2 Feb
2026",BUY,250K–500K,Dave McCormick,,STATE OF WASHINGTON,2026-02-02,2026-03-04 00:00:00.000000,375000.0,Buy,Stock,
"Dave McCormick
RepublicanSenatePA","GS FINANCE CORP
N/A","4 Mar
2026","1 Feb
2026",BUY,100K–250K,Dave McCormick,,GS FINANCE CORP,2026-02-01,2026-03-04 00:00:00.000000,175000.0,Buy,Stock,
"Dave McCormick
RepublicanSenatePA","PENNSYLVANIA TURNPIKE COMMISSION
N/A","4 Mar
2026","1 Feb
2026",BUY,500K–1M,Dave McCormick,,PENNSYLVANIA TURNPIKE COMMISSION,2026-02-01,2026-03-04 00:00:00.000000,250500000.0,Buy,Stock,
"Dave McCormick
RepublicanSenatePA","PENNSYLVANIA TURNPIKE COMMISSION
N/A","4 Mar
2026","1 Feb
2026",BUY,250K–500K,Dave McCormick,,PENNSYLVANIA TURNPIKE COMMISSION,2026-02-01,2026-03-04 00:00:00.000000,375000.0,Buy,Stock,
"John Hickenlooper
DemocratSenateCO","Sirius XM Holdings Inc
SIRI:US","4 Mar
2026","4 Feb
2026",SELL,50K–100K,John Hickenlooper,SIRI,Sirius XM Holdings Inc,2026-02-04,2026-03-04 00:00:00.000000,75000.0,Sell,Stock,
"Shelley Moore Capito
RepublicanSenateWV","Illinois Tool Works Inc
ITW:US","4 Mar
2026","23 Feb
2026",SELL,1K–15K,Shelley Moore Capito,ITW,Illinois Tool Works Inc,2026-02-23,2026-03-04 00:00:00.000000,8000.0,Sell,Stock,
"Shelley Moore Capito
RepublicanSenateWV","Paychex Inc
PAYX:US","4 Mar
2026","19 Feb
2026",SELL,1K–15K,Shelley Moore Capito,PAYX,Paychex Inc,2026-02-19,2026-03-04 00:00:00.000000,8000.0,Sell,Stock,
"Shelley Moore Capito
RepublicanSenateWV","Blackrock Inc
BLK:US","4 Mar
2026","9 Feb
2026",SELL,1K–15K,Shelley Moore Capito,BLK,Blackrock Inc,2026-02-09,2026-03-04 00:00:00.000000,8000.0,Sell,Stock,
"Shelley Moore Capito
RepublicanSenateWV","Analog Devices Inc
ADI:US","4 Mar
2026","9 Feb
2026",SELL,1K–15K,Shelley Moore Capito,ADI,Analog Devices Inc,2026-02-09,2026-03-04 00:00:00.000000,8000.0,Sell,Stock,
"Shelley Moore Capito
RepublicanSenateWV","Broadcom Inc
AVGO:US","4 Mar
2026","8 Feb
2026",BUY,1K–15K,Shelley Moore Capito,AVGO,Broadcom Inc,2026-02-08,2026-03-04 00:00:00.000000,8000.0,Buy,Stock,
"Shelley Moore Capito
RepublicanSenateWV","Alphabet Inc
GOOGL:US","4 Mar
2026","8 Feb
2026",BUY,1K–15K,Shelley Moore Capito,GOOGL,Alphabet Inc,2026-02-08,2026-03-04 00:00:00.000000,8000.0,Buy,Stock,
"Kelly Morrison
DemocratHouseMN","HM COMPANIES LLC
N/A","3 Mar
2026","10 Feb
2026",BUY,1K–15K,Kelly Morrison,,HM COMPANIES LLC,2026-02-10,2026-03-03 00:00:00.000000,8000.0,Buy,Stock,
"Virginia Foxx
RepublicanHouseNC","Alliance Resource Partners LP
ARLP:US","3 Mar
2026","12 Feb
2026",BUY,1K–15K,Virginia Foxx,ARLP,Alliance Resource Partners LP,2026-02-12,2026-03-03 00:00:00.000000,8000.0,Buy,Stock,
"Markwayne Mullin
RepublicanSenateOK","VSE CORP
N/A","2 Mar
2026","3 Feb
2026",BUY,15K–50K,Markwayne Mullin,,VSE CORP,2026-02-03,2026-03-02 00:00:00.000000,32500.0,Buy,Stock,
"Markwayne Mullin
RepublicanSenateOK","MasTec Inc
MTZ:US","2 Mar
2026","3 Feb
2026",SELL,15K–50K,Markwayne Mullin,MTZ,MasTec Inc,2026-02-03,2026-03-02 00:00:00.000000,32500.0,Sell,Stock,
"Markwayne Mullin
RepublicanSenateOK","Monolithic Power Systems Inc
MPWR:US","2 Mar
2026","3 Feb
2026",BUY,15K–50K,Markwayne Mullin,MPWR,Monolithic Power Systems Inc,2026-02-03,2026-03-02 00:00:00.000000,32500.0,Buy,Stock,
"Markwayne Mullin
RepublicanSenateOK","McKesson Corp
MCK:US","2 Mar
2026","3 Feb
2026",BUY,15K–50K,Markwayne Mullin,MCK,McKesson Corp,2026-02-03,2026-03-02 00:00:00.000000,32500.0,Buy,Stock,
"Markwayne Mullin
RepublicanSenateOK","Stride Inc
LRN:US","2 Mar
2026","3 Feb
2026",BUY,15K–50K,Markwayne Mullin,LRN,Stride Inc,2026-02-03,2026-03-02 00:00:00.000000,32500.0,Buy,Stock,
"Markwayne Mullin
RepublicanSenateOK","Iron Mountain Inc
IRM:US","2 Mar
2026","3 Feb
2026",SELL,1K–15K,Markwayne Mullin,IRM,Iron Mountain Inc,2026-02-03,2026-03-02 00:00:00.000000,8000.0,Sell,Stock,
"Markwayne Mullin
RepublicanSenateOK","The Goldman Sachs Group Inc
GS:US","2 Mar
2026","3 Feb
2026",SELL,15K–50K,Markwayne Mullin,GS,The Goldman Sachs Group Inc,2026-02-03,2026-03-02 00:00:00.000000,32500.0,Sell,Stock,
"Markwayne Mullin
RepublicanSenateOK","FirstCash Holdings Inc
FCFS:US","2 Mar
2026","3 Feb
2026",BUY,15K–50K,Markwayne Mullin,FCFS,FirstCash Holdings Inc,2026-02-03,2026-03-02 00:00:00.000000,32500.0,Buy,Stock,
"Markwayne Mullin
RepublicanSenateOK","Dell Technologies Inc
DELL:US","2 Mar
2026","3 Feb
2026",SELL,15K–50K,Markwayne Mullin,DELL,Dell Technologies Inc,2026-02-03,2026-03-02 00:00:00.000000,32500.0,Sell,Stock,
"Markwayne Mullin
RepublicanSenateOK","Carpenter Technology Corp
CRS:US","2 Mar
2026","3 Feb
2026",BUY,15K–50K,Markwayne Mullin,CRS,Carpenter Technology Corp,2026-02-03,2026-03-02 00:00:00.000000,32500.0,Buy,Stock,
"Markwayne Mullin
RepublicanSenateOK","CREDO TECH GROUP HOLDING LTD
N/A","2 Mar
2026","3 Feb
2026",SELL,15K–50K,Markwayne Mullin,,CREDO TECH GROUP HOLDING LTD,2026-02-03,2026-03-02 00:00:00.000000,32500.0,Sell,Stock,
"Markwayne Mullin
RepublicanSenateOK","Coherent Corp
COHR:US","2 Mar
2026","3 Feb
2026",SELL,15K–50K,Markwayne Mullin,COHR,Coherent Corp,2026-02-03,2026-03-02 00:00:00.000000,32500.0,Sell,Stock,
"Markwayne Mullin
RepublicanSenateOK","Citigroup Inc
C:US","2 Mar
2026","3 Feb
2026",BUY,15K–50K,Markwayne Mullin,C,Citigroup Inc,2026-02-03,2026-03-02 00:00:00.000000,32500.0,Buy,Stock,
"Markwayne Mullin
RepublicanSenateOK","APi Group Corp
APG:US","2 Mar
2026","3 Feb
2026",BUY,15K–50K,Markwayne Mullin,APG,APi Group Corp,2026-02-03,2026-03-02 00:00:00.000000,32500.0,Buy,Stock,
"Markwayne Mullin
RepublicanSenateOK","Amkor Technology Inc
AMKR:US","2 Mar
2026","3 Feb
2026",BUY,15K–50K,Markwayne Mullin,AMKR,Amkor Technology Inc,2026-02-03,2026-03-02 00:00:00.000000,32500.0,Buy,Stock,
"Markwayne Mullin
RepublicanSenateOK","Applied Industrial Technologies Inc
AIT:US","2 Mar
2026","3 Feb
2026",SELL,1K–15K,Markwayne Mullin,AIT,Applied Industrial Technologies Inc,2026-02-03,2026-03-02 00:00:00.000000,8000.0,Sell,Stock,
"Markwayne Mullin
RepublicanSenateOK","Adobe Inc
ADBE:US","2 Mar
2026","3 Feb
2026",BUY,15K–50K,Markwayne Mullin,ADBE,Adobe Inc,2026-02-03,2026-03-02 00:00:00.000000,32500.0,Buy,Stock,
"Bill Hagerty
RepublicanSenateTN","HALL-WARD ENERGY FUND II LP
N/A","2 Mar
2026","28 Jan
2026",BUY,100K–250K,Bill Hagerty,,HALL-WARD ENERGY FUND II LP,2026-01-28,2026-03-02 00:00:00.000000,175000.0,Buy,Stock,
"Don Beyer
DemocratHouseVA","ARLINGTON COUNTY VIRGINIA
N/A","2 Mar
2026","18 Feb
2026",BUY,15K–50K,Don Beyer,,ARLINGTON COUNTY VIRGINIA,2026-02-18,2026-03-02 00:00:00.000000,32500.0,Buy,Stock,
"Bill Keating
DemocratHouseMA","US TREASURY BILLS
N/A","27 Feb
2026","3 Feb
2026",BUY,1K–15K,Bill Keating,,US TREASURY BILLS,2026-02-03,2026-02-27 00:00:00.000000,8000.0,Buy,Stock,
"Bill Keating
DemocratHouseMA","VMware Inc
VMW:US","27 Feb
2026","3 Feb
2026",BUY,1K–15K,Bill Keating,VMW,VMware Inc,2026-02-03,2026-02-27 00:00:00.000000,8000.0,Buy,Stock,
"Josh Gottheimer
DemocratHouseNJ","Gilead Sciences Inc
GILD:US","27 Feb
2026","26 Jan
2026",BUY,1K–15K,Josh Gottheimer,GILD,Gilead Sciences Inc,2026-01-26,2026-02-27 00:00:00.000000,8000.0,Buy,Stock,
"Josh Gottheimer
DemocratHouseNJ","Intercontinental Exchange Inc
ICE:US","27 Feb
2026","25 Jan
2026",BUY,1K–15K,Josh Gottheimer,ICE,Intercontinental Exchange Inc,2026-01-25,2026-02-27 00:00:00.000000,8000.0,Buy,Stock,
"Josh Gottheimer
DemocratHouseNJ","Nestle SA, Cham Und Vevey
NSRGY:US","27 Feb
2026","25 Jan
2026",SELL,1K–15K,Josh Gottheimer,NSRGY,"Nestle SA, Cham Und Vevey",2026-01-25,2026-02-27 00:00:00.000000,8000.0,Sell,Stock,
"Josh Gottheimer
DemocratHouseNJ","SCHNEIDER NATIONAL INC
SNDR:US","27 Feb
2026","25 Jan
2026",SELL,1K–15K,Josh Gottheimer,SNDR,SCHNEIDER NATIONAL INC,2026-01-25,2026-02-27 00:00:00.000000,8000.0,Sell,Stock,
"Josh Gottheimer
DemocratHouseNJ","ServiceNow Inc
NOW:US","27 Feb
2026","29 Jan
2026",SELL,1K–15K,Josh Gottheimer,NOW,ServiceNow Inc,2026-01-29,2026-02-27 00:00:00.000000,8000.0,Sell,Stock,
"Josh Gottheimer
DemocratHouseNJ","Uber Technologies Inc
UBER:US","27 Feb
2026","29 Jan
2026",SELL,1K–15K,Josh Gottheimer,UBER,Uber Technologies Inc,2026-01-29,2026-02-27 00:00:00.000000,8000.0,Sell,Stock,
"Kelly Morrison
DemocratHouseMN","PROJECT STARDUST, INC
N/A","26 Feb
2026","10 Feb
2026",BUY,15K–50K,Kelly Morrison,,"PROJECT STARDUST, INC",2026-02-10,2026-02-26 00:00:00.000000,32500.0,Buy,Stock,
"Kelly Morrison
DemocratHouseMN","RHODA AI CORP
N/A","26 Feb
2026","19 Feb
2026",BUY,15K–50K,Kelly Morrison,,RHODA AI CORP,2026-02-19,2026-02-26 00:00:00.000000,32500.0,Buy,Stock,
"Scott Peters
DemocratHouseCA","SOLACE HEALTH INC
N/A","25 Feb
2026","13 Jan
2026",BUY,250K–500K,Scott Peters,,SOLACE HEALTH INC,2026-01-13,2026-02-25 00:00:00.000000,375000.0,Buy,Stock,
"Scott Peters
DemocratHouseCA","VALO VENTURES GP II LP
N/A","25 Feb
2026","20 Jan
2026",BUY,15K–50K,Scott Peters,,VALO VENTURES GP II LP,2026-01-20,2026-02-25 00:00:00.000000,32500.0,Buy,Stock,
"Cleo Fields
DemocratHouseLA","Advanced Micro Devices Inc
AMD:US","25 Feb
2026","2 Feb
2026",BUY,50K–100K,Cleo Fields,AMD,Advanced Micro Devices Inc,2026-02-02,2026-02-25 00:00:00.000000,75000.0,Buy,Stock,
"Cleo Fields
DemocratHouseLA","Alphabet Inc
GOOGL:US","25 Feb
2026","2 Feb
2026",BUY,100K–250K,Cleo Fields,GOOGL,Alphabet Inc,2026-02-02,2026-02-25 00:00:00.000000,175000.0,Buy,Stock,
"Cleo Fields
DemocratHouseLA","Apple Inc
AAPL:US","25 Feb
2026","11 Feb
2026",BUY,1K–15K,Cleo Fields,AAPL,Apple Inc,2026-02-11,2026-02-25 00:00:00.000000,8000.0,Buy,Stock,
"Cleo Fields
DemocratHouseLA","Lam Research Corp
LRCX:US","25 Feb
2026","2 Feb
2026",BUY,15K–50K,Cleo Fields,LRCX,Lam Research Corp,2026-02-02,2026-02-25 00:00:00.000000,32500.0,Buy,Stock,
"Cleo Fields
DemocratHouseLA","Meta Platforms Inc
META:US","25 Feb
2026","2 Feb
2026",BUY,100K–250K,Cleo Fields,META,Meta Platforms Inc,2026-02-02,2026-02-25 00:00:00.000000,175000.0,Buy,Stock,
"Cleo Fields
DemocratHouseLA","Micron Technology Inc
MU:US","25 Feb
2026","2 Feb
2026",BUY,100K–250K,Cleo Fields,MU,Micron Technology Inc,2026-02-02,2026-02-25 00:00:00.000000,175000.0,Buy,Stock,
"Scott Franklin
RepublicanHouseFL","The Hershey Co
HSY:US","24 Feb
2026","9 Feb
2026",SELL,1K–15K,Scott Franklin,HSY,The Hershey Co,2026-02-09,2026-02-24 00:00:00.000000,8000.0,Sell,Stock,
"Scott Franklin
RepublicanHouseFL","The Hershey Co
HSY:US","24 Feb
2026","9 Feb
2026",SELL,50K–100K,Scott Franklin,HSY,The Hershey Co,2026-02-09,2026-02-24 00:00:00.000000,75000.0,Sell,Stock,
"Jonathan Jackson
DemocratHouseIL","Citigroup Inc
C:US","24 Feb
2026","29 Jan
2026",BUY,15K–50K,Jonathan Jackson,C,Citigroup Inc,2026-01-29,2026-02-24 00:00:00.000000,32500.0,Buy,Stock,
"Jonathan Jackson
DemocratHouseIL","COUPANG INC
N/A","24 Feb
2026","21 Jan
2026",SELL,15K–50K,Jonathan Jackson,,COUPANG INC,2026-01-21,2026-02-24 00:00:00.000000,32500.0,Sell,Stock,
"Jonathan Jackson
DemocratHouseIL","GE VERNOVA INC
GEV:US","24 Feb
2026","29 Jan
2026",BUY,15K–50K,Jonathan Jackson,GEV,GE VERNOVA INC,2026-01-29,2026-02-24 00:00:00.000000,32500.0,Buy,Stock,
"Jonathan Jackson
DemocratHouseIL","JPMorgan Chase & Co
JPM:US","24 Feb
2026","19 Jan
2026",BUY,1K–15K,Jonathan Jackson,JPM,JPMorgan Chase & Co,2026-01-19,2026-02-24 00:00:00.000000,8000.0,Buy,Stock,
"Jonathan Jackson
DemocratHouseIL","Palantir Technologies Inc
PLTR:US","24 Feb
2026","15 Jan
2026",SELL,15K–50K,Jonathan Jackson,PLTR,Palantir Technologies Inc,2026-01-15,2026-02-24 00:00:00.000000,32500.0,Sell,Stock,
"Jonathan Jackson
DemocratHouseIL","Robinhood Markets Inc
HOOD:US","24 Feb
2026","19 Jan
2026",SELL,1K–15K,Jonathan Jackson,HOOD,Robinhood Markets Inc,2026-01-19,2026-02-24 00:00:00.000000,8000.0,Sell,Stock,
"Jonathan Jackson
DemocratHouseIL","Shopify Inc
SHOP:US","24 Feb
2026","29 Jan
2026",SELL,50K–100K,Jonathan Jackson,SHOP,Shopify Inc,2026-01-29,2026-02-24 00:00:00.000000,75000.0,Sell,Stock,
"Jonathan Jackson
DemocratHouseIL","T-Mobile US Inc
TMUS:US","24 Feb
2026","12 Jan
2026",SELL,50K–100K,Jonathan Jackson,TMUS,T-Mobile US Inc,2026-01-12,2026-02-24 00:00:00.000000,75000.0,Sell,Stock,
"Jonathan Jackson
DemocratHouseIL","ViaSat Inc
VSAT:US","24 Feb
2026","21 Jan
2026",BUY,50K–100K,Jonathan Jackson,VSAT,ViaSat Inc,2026-01-21,2026-02-24 00:00:00.000000,75000.0,Buy,Stock,
"Jonathan Jackson
DemocratHouseIL","Walmart Inc
WMT:US","24 Feb
2026","12 Jan
2026",BUY,50K–100K,Jonathan Jackson,WMT,Walmart Inc,2026-01-12,2026-02-24 00:00:00.000000,75000.0,Buy,Stock,
"Debbie Dingell
DemocratHouseMI","Waters Corp
WAT:US","24 Feb
2026","9 Feb
2026",RECEIVE,1K–15K,Debbie Dingell,WAT,Waters Corp,2026-02-09,2026-02-24 00:00:00.000000,8000.0,Receive,Stock,
"Bill Hagerty
RepublicanSenateTN","CONTOUR VENTURE PARTNERS V LP
N/A","23 Feb
2026","22 Jan
2026",BUY,250K–500K,Bill Hagerty,,CONTOUR VENTURE PARTNERS V LP,2026-01-22,2026-02-23 00:00:00.000000,375000.0,Buy,Stock,
"David Taylor
RepublicanHouseOH","Amazon.com Inc
AMZN:US","23 Feb
2026","8 Feb
2026",BUY,1K–15K,David Taylor,AMZN,Amazon.com Inc,2026-02-08,2026-02-23 00:00:00.000000,8000.0,Buy,Stock,
"David Taylor
RepublicanHouseOH","Eli Lilly and Co
LLY:US","23 Feb
2026","8 Feb
2026",SELL,1K–15K,David Taylor,LLY,Eli Lilly and Co,2026-02-08,2026-02-23 00:00:00.000000,8000.0,Sell,Stock,
"David Taylor
RepublicanHouseOH","Microsoft Corp
MSFT:US","23 Feb
2026","8 Feb
2026",BUY,1K–15K,David Taylor,MSFT,Microsoft Corp,2026-02-08,2026-02-23 00:00:00.000000,8000.0,Buy,Stock,
"David Taylor
RepublicanHouseOH","Parker-Hannifin Corp
PH:US","23 Feb
2026","8 Feb
2026",SELL,1K–15K,David Taylor,PH,Parker-Hannifin Corp,2026-02-08,2026-02-23 00:00:00.000000,8000.0,Sell,Stock,
"David Taylor
RepublicanHouseOH","The Procter & Gamble Co
PG:US","23 Feb
2026","8 Feb
2026",BUY,1K–15K,David Taylor,PG,The Procter & Gamble Co,2026-02-08,2026-02-23 00:00:00.000000,8000.0,Buy,Stock,
"David Taylor
RepublicanHouseOH","The Progressive Corp
PGR:US","23 Feb
2026","9 Feb
2026",BUY,1K–15K,David Taylor,PGR,The Progressive Corp,2026-02-09,2026-02-23 00:00:00.000000,8000.0,Buy,Stock,
"David Taylor
RepublicanHouseOH","salesforce.com Inc
CRM:US","23 Feb
2026","8 Feb
2026",BUY,1K–15K,David Taylor,CRM,salesforce.com Inc,2026-02-08,2026-02-23 00:00:00.000000,8000.0,Buy,Stock,
"David Taylor
RepublicanHouseOH","Visa Inc
V:US","23 Feb
2026","8 Feb
2026",BUY,1K–15K,David Taylor,V,Visa Inc,2026-02-08,2026-02-23 00:00:00.000000,8000.0,Buy,Stock,
"Tim Moore
RepublicanHouseNC","AT&T Inc
T:US","23 Feb
2026","29 Jan
2026",SELL,15K–50K,Tim Moore,T,AT&T Inc,2026-01-29,2026-02-23 00:00:00.000000,32500.0,Sell,Stock,
"Tim Moore
RepublicanHouseNC","Coinbase Global Inc
COIN:US","23 Feb
2026","17 Feb
2026",SELL,1K–15K,Tim Moore,COIN,Coinbase Global Inc,2026-02-17,2026-02-23 00:00:00.000000,8000.0,Sell,Stock,
"Tim Moore
RepublicanHouseNC","GENPREX INC
GNPX:US","23 Feb
2026","4 Feb
2026",BUY,1K–15K,Tim Moore,GNPX,GENPREX INC,2026-02-04,2026-02-23 00:00:00.000000,8000.0,Buy,Stock,
"Tim Moore
RepublicanHouseNC","Harley-Davidson Inc
HOG:US","23 Feb
2026","22 Jan
2026",BUY,15K–50K,Tim Moore,HOG,Harley-Davidson Inc,2026-01-22,2026-02-23 00:00:00.000000,32500.0,Buy,Stock,
"Tim Moore
RepublicanHouseNC","Krispy Kreme Inc
DNUT:US","23 Feb
2026","11 Feb
2026",BUY,1K–15K,Tim Moore,DNUT,Krispy Kreme Inc,2026-02-11,2026-02-23 00:00:00.000000,8000.0,Buy,Stock,
"Tim Moore
RepublicanHouseNC","SIMPLY GOOD FOODS COMPANY
N/A","23 Feb
2026","10 Feb
2026",BUY,15K–50K,Tim Moore,,SIMPLY GOOD FOODS COMPANY,2026-02-10,2026-02-23 00:00:00.000000,32500.0,Buy,Stock,
"Tim Moore
RepublicanHouseNC","SIMPLY GOOD FOODS COMPANY
N/A","23 Feb
2026","2 Feb
2026",BUY,15K–50K,Tim Moore,,SIMPLY GOOD FOODS COMPANY,2026-02-02,2026-02-23 00:00:00.000000,32500.0,Buy,Stock,
"Tim Moore
RepublicanHouseNC","Verizon Communications Inc
VZ:US","23 Feb
2026","29 Jan
2026",SELL,15K–50K,Tim Moore,VZ,Verizon Communications Inc,2026-01-29,2026-02-23 00:00:00.000000,32500.0,Sell,Stock,
"Rob Bresnahan
RepublicanHousePA","CITY OF PHILADELPHIA PENNSYLVANIA
N/A","23 Feb
2026","2 Feb
2026",BUY,50K–100K,Rob Bresnahan,,CITY OF PHILADELPHIA PENNSYLVANIA,2026-02-02,2026-02-23 00:00:00.000000,75000.0,Buy,Stock,
"Rob Bresnahan
RepublicanHousePA","US TREASURY NOTE
N/A","23 Feb
2026","2 Feb
2026",BUY,1K–15K,Rob Bresnahan,,US TREASURY NOTE,2026-02-02,2026-02-23 00:00:00.000000,8000.0,Buy,Stock,
"Dave McCormick
RepublicanSenatePA","PENNSYLVANIA TURNPIKE COMMISSION
N/A","22 Feb
2026","29 Jan
2026",BUY,250K–500K,Dave McCormick,,PENNSYLVANIA TURNPIKE COMMISSION,2026-01-29,2026-02-22 00:00:00.000000,375000.0,Buy,Stock,
"Dave McCormick
RepublicanSenatePA","MARYLAND TRANSPORTATION AUTHORITY
N/A","22 Feb
2026","29 Jan
2026",BUY,100K–250K,Dave McCormick,,MARYLAND TRANSPORTATION AUTHORITY,2026-01-29,2026-02-22 00:00:00.000000,175000.0,Buy,Stock,
"Dave McCormick
RepublicanSenatePA","PENNSYLVANIA INFRASTRUCTURE INVESTMENT AUTHORITY
N/A","22 Feb
2026","28 Jan
2026",BUY,100K–250K,Dave McCormick,,PENNSYLVANIA INFRASTRUCTURE INVESTMENT AUTHORITY,2026-01-28,2026-02-22 00:00:00.000000,175000.0,Buy,Stock,
"Dave McCormick
RepublicanSenatePA","PENNSBURY SCHOOL DISTRICT
N/A","22 Feb
2026","27 Jan
2026",BUY,100K–250K,Dave McCormick,,PENNSBURY SCHOOL DISTRICT,2026-01-27,2026-02-22 00:00:00.000000,175000.0,Buy,Stock,
"Dave McCormick
RepublicanSenatePA","PENNSYLVANIA TURNPIKE COMMISSION
N/A","22 Feb
2026","26 Jan
2026",BUY,100K–250K,Dave McCormick,,PENNSYLVANIA TURNPIKE COMMISSION,2026-01-26,2026-02-22 00:00:00.000000,175000.0,Buy,Stock,
"Dave McCormick
RepublicanSenatePA","WASHINGTON KING COUNTY
N/A","22 Feb
2026","25 Jan
2026",BUY,250K–500K,Dave McCormick,,WASHINGTON KING COUNTY,2026-01-25,2026-02-22 00:00:00.000000,375000.0,Buy,Stock,
"Dave McCormick
RepublicanSenatePA","DELAWARE VALLEY REGIONAL FINANCE AUTHORITY
N/A","22 Feb
2026","25 Jan
2026",BUY,100K–250K,Dave McCormick,,DELAWARE VALLEY REGIONAL FINANCE AUTHORITY,2026-01-25,2026-02-22 00:00:00.000000,175000.0,Buy,Stock,
"Dave McCormick
RepublicanSenatePA","The Goldman Sachs Group Inc
GS:US","22 Feb
2026","22 Jan
2026",SELL,1M–5M,Dave McCormick,GS,The Goldman Sachs Group Inc,2026-01-22,2026-02-22 00:00:00.000000,3000000.0,Sell,Stock,
"Dave McCormick
RepublicanSenatePA","STATE OF MARYLAND
N/A","22 Feb
2026","22 Jan
2026",BUY,250K–500K,Dave McCormick,,STATE OF MARYLAND,2026-01-22,2026-02-22 00:00:00.000000,375000.0,Buy,Stock,
"Thomas Kean Jr
RepublicanHouseNJ","Abbott Laboratories
ABT:US","20 Feb
2026","28 Jan
2026",BUY,1K–15K,Thomas Kean Jr,ABT,Abbott Laboratories,2026-01-28,2026-02-20 00:00:00.000000,8000.0,Buy,Stock,
"Thomas Kean Jr
RepublicanHouseNJ","General Motors Co
GM:US","20 Feb
2026","6 Jan
2026",SELL,1K–15K,Thomas Kean Jr,GM,General Motors Co,2026-01-06,2026-02-20 00:00:00.000000,8000.0,Sell,Stock,
"Thomas Kean Jr
RepublicanHouseNJ","Johnson & Johnson
JNJ:US","20 Feb
2026","22 Jan
2026",SELL,15K–50K,Thomas Kean Jr,JNJ,Johnson & Johnson,2026-01-22,2026-02-20 00:00:00.000000,32500.0,Sell,Stock,
"Thomas Kean Jr
RepublicanHouseNJ","Markel Corp
MKL:US","20 Feb
2026","22 Jan
2026",SELL,15K–50K,Thomas Kean Jr,MKL,Markel Corp,2026-01-22,2026-02-20 00:00:00.000000,32500.0,Sell,Stock,
"Thomas Kean Jr
RepublicanHouseNJ","Microsoft Corp
MSFT:US","20 Feb
2026","22 Jan
2026",SELL,1K–15K,Thomas Kean Jr,MSFT,Microsoft Corp,2026-01-22,2026-02-20 00:00:00.000000,8000.0,Sell,Stock,
"Thomas Kean Jr
RepublicanHouseNJ","Stryker Corp
SYK:US","20 Feb
2026","22 Jan
2026",SELL,15K–50K,Thomas Kean Jr,SYK,Stryker Corp,2026-01-22,2026-02-20 00:00:00.000000,32500.0,Sell,Stock,
"Jake Auchincloss
DemocratHouseMA","State Street Corporation
STT:US","20 Feb
2026","16 Feb
2026",SELL,15K–50K,Jake Auchincloss,STT,State Street Corporation,2026-02-16,2026-02-20 00:00:00.000000,32500.0,Sell,Stock,
"Kevin Hern
RepublicanHouseOK","Royal Bank of Canada
RY:US","19 Feb
2026","6 Jan
2026",BUY,250K–500K,Kevin Hern,RY,Royal Bank of Canada,2026-01-06,2026-02-19 00:00:00.000000,375000.0,Buy,Stock,
"Dan Meuser
RepublicanHousePA","NVIDIA Corporation
NVDA:US","18 Feb
2026","13 Jan
2026",SELL,1K–15K,Dan Meuser,NVDA,NVIDIA Corporation,2026-01-13,2026-02-18 00:00:00.000000,8000.0,Sell,Stock,
"Dan Meuser
RepublicanHousePA","NVIDIA Corporation
NVDA:US","18 Feb
2026","29 Jan
2026",SELL,1K–15K,Dan Meuser,NVDA,NVIDIA Corporation,2026-01-29,2026-02-18 00:00:00.000000,8000.0,Sell,Stock,
"Sheri Biggs
RepublicanHouseSC","KKR REAL ESTATE SELECT TRUST INC
N/A","18 Feb
2026","4 Jan
2026",BUY,1K–15K,Sheri Biggs,,KKR REAL ESTATE SELECT TRUST INC,2026-01-04,2026-02-18 00:00:00.000000,8000.0,Buy,Stock,
"Michael Guest
RepublicanHouseMS","Chord Energy Corp
CHRD:US","18 Feb
2026","8 Jan
2026",SELL,1K–15K,Michael Guest,CHRD,Chord Energy Corp,2026-01-08,2026-02-18 00:00:00.000000,8000.0,Sell,Stock,
"Michael Guest
RepublicanHouseMS","Dynatrace Inc
DT:US","18 Feb
2026","8 Jan
2026",SELL,1K–15K,Michael Guest,DT,Dynatrace Inc,2026-01-08,2026-02-18 00:00:00.000000,8000.0,Sell,Stock,
"Michael Guest
RepublicanHouseMS","Evolution AB (publ)
EVVTY:US","18 Feb
2026","8 Jan
2026",SELL,1K–15K,Michael Guest,EVVTY,Evolution AB (publ),2026-01-08,2026-02-18 00:00:00.000000,8000.0,Sell,Stock,
"Michael Guest
RepublicanHouseMS","OTC MARKETS GROUP INC
N/A","18 Feb
2026","8 Jan
2026",SELL,1K–15K,Michael Guest,,OTC MARKETS GROUP INC,2026-01-08,2026-02-18 00:00:00.000000,8000.0,Sell,Stock,
"Rick Allen
RepublicanHouseGA","American Water Works Company Inc
AWK:US","18 Feb
2026","13 Jan
2026",SELL,50K–100K,Rick Allen,AWK,American Water Works Company Inc,2026-01-13,2026-02-18 00:00:00.000000,75000.0,Sell,Stock,
"Rick Allen
RepublicanHouseGA","Paychex Inc
PAYX:US","18 Feb
2026","13 Jan
2026",SELL,15K–50K,Rick Allen,PAYX,Paychex Inc,2026-01-13,2026-02-18 00:00:00.000000,32500.0,Sell,Stock,
"Rick Allen
RepublicanHouseGA","S&P Global Inc
SPGI:US","18 Feb
2026","13 Jan
2026",BUY,15K–50K,Rick Allen,SPGI,S&P Global Inc,2026-01-13,2026-02-18 00:00:00.000000,32500.0,Buy,Stock,
"Rick Allen
RepublicanHouseGA","US TREASURY NOTE
N/A","18 Feb
2026","25 Jan
2026",BUY,100K–250K,Rick Allen,,US TREASURY NOTE,2026-01-25,2026-02-18 00:00:00.000000,175000.0,Buy,Stock,
"Gil Cisneros
DemocratHouseCA","Advanced Energy Industries Inc
AEIS:US","16 Feb
2026","19 Jan
2026",BUY,1K–15K,Gil Cisneros,AEIS,Advanced Energy Industries Inc,2026-01-19,2026-02-16 00:00:00.000000,8000.0,Buy,Stock,
"Gil Cisneros
DemocratHouseCA","AEROVIRONMENT INC
N/A","16 Feb
2026","26 Jan
2026",BUY,1K–15K,Gil Cisneros,,AEROVIRONMENT INC,2026-01-26,2026-02-16 00:00:00.000000,8000.0,Buy,Stock,
"Gil Cisneros
DemocratHouseCA","Agree Realty Corp
ADC:US","16 Feb
2026","14 Jan
2026",SELL,15K–50K,Gil Cisneros,ADC,Agree Realty Corp,2026-01-14,2026-02-16 00:00:00.000000,32500.0,Sell,Stock,
"Gil Cisneros
DemocratHouseCA","Ajinomoto Co Inc
AJINY:US","16 Feb
2026","2 Feb
2026",BUY,1K–15K,Gil Cisneros,AJINY,Ajinomoto Co Inc,2026-02-02,2026-02-16 00:00:00.000000,8000.0,Buy,Stock,
"Gil Cisneros
DemocratHouseCA","Alibaba Group Holding Ltd
BABA:US","16 Feb
2026","2 Feb
2026",BUY,1K–15K,Gil Cisneros,BABA,Alibaba Group Holding Ltd,2026-02-02,2026-02-16 00:00:00.000000,8000.0,Buy,Stock,
"Gil Cisneros
DemocratHouseCA","Amazon.com Inc
AMZN:US","16 Feb
2026","29 Jan
2026",BUY,1K–15K,Gil Cisneros,AMZN,Amazon.com Inc,2026-01-29,2026-02-16 00:00:00.000000,8000.0,Buy,Stock,
"Gil Cisneros
DemocratHouseCA","Ameris Bancorp
ABCB:US","16 Feb
2026","4 Jan
2026",SELL,1K–15K,Gil Cisneros,ABCB,Ameris Bancorp,2026-01-04,2026-02-16 00:00:00.000000,8000.0,Sell,Stock,
"Gil Cisneros
DemocratHouseCA","AMETEK Inc
AME:US","16 Feb
2026","8 Jan
2026",BUY,1K–15K,Gil Cisneros,AME,AMETEK Inc,2026-01-08,2026-02-16 00:00:00.000000,8000.0,Buy,Stock,
"Gil Cisneros
DemocratHouseCA","APA Corporation
APA:US","16 Feb
2026","8 Jan
2026",SELL,1K–15K,Gil Cisneros,APA,APA Corporation,2026-01-08,2026-02-16 00:00:00.000000,8000.0,Sell,Stock,
"Gil Cisneros
DemocratHouseCA","Arista Networks Inc
ANET:US","16 Feb
2026","29 Jan
2026",BUY,1K–15K,Gil Cisneros,ANET,Arista Networks Inc,2026-01-29,2026-02-16 00:00:00.000000,8000.0,Buy,Stock,
"Gil Cisneros
DemocratHouseCA","ASML Holding NV
ASML:US","16 Feb
2026","29 Jan
2026",BUY,1K–15K,Gil Cisneros,ASML,ASML Holding NV,2026-01-29,2026-02-16 00:00:00.000000,8000.0,Buy,Stock,
"Gil Cisneros
DemocratHouseCA","AutoZone Inc
AZO:US","16 Feb
2026","29 Jan
2026",BUY,1K–15K,Gil Cisneros,AZO,AutoZone Inc,2026-01-29,2026-02-16 00:00:00.000000,8000.0,Buy,Stock,
"Gil Cisneros
DemocratHouseCA","Azenta Inc
AZTA:US","16 Feb
2026","14 Jan
2026",BUY,1K–15K,Gil Cisneros,AZTA,Azenta Inc,2026-01-14,2026-02-16 00:00:00.000000,8000.0,Buy,Stock,
"Gil Cisneros
DemocratHouseCA","Baker Hughes a GE Co
BKR:US","16 Feb
2026","8 Jan
2026",SELL,1K–15K,Gil Cisneros,BKR,Baker Hughes a GE Co,2026-01-08,2026-02-16 00:00:00.000000,8000.0,Sell,Stock,
"Gil Cisneros
DemocratHouseCA","Banco Santander SA
SAN:US","16 Feb
2026","2 Feb
2026",BUY,1K–15K,Gil Cisneros,SAN,Banco Santander SA,2026-02-02,2026-02-16 00:00:00.000000,8000.0,Buy,Stock,
"Gil Cisneros
DemocratHouseCA","Biogen Inc
BIIB:US","16 Feb
2026","29 Jan
2026",BUY,1K–15K,Gil Cisneros,BIIB,Biogen Inc,2026-01-29,2026-02-16 00:00:00.000000,8000.0,Buy,Stock,
"Gil Cisneros
DemocratHouseCA","Bloom Energy Corp
BE:US","16 Feb
2026","29 Jan
2026",BUY,1K–15K,Gil Cisneros,BE,Bloom Energy Corp,2026-01-29,2026-02-16 00:00:00.000000,8000.0,Buy,Stock,
"Gil Cisneros
DemocratHouseCA","Boston Scientific Corp
BSX:US","16 Feb
2026","29 Jan
2026",BUY,1K–15K,Gil Cisneros,BSX,Boston Scientific Corp,2026-01-29,2026-02-16 00:00:00.000000,8000.0,Buy,Stock,
"Gil Cisneros
DemocratHouseCA","Brown & Brown Inc
BRO:US","16 Feb
2026","8 Jan
2026",SELL,1K–15K,Gil Cisneros,BRO,Brown & Brown Inc,2026-01-08,2026-02-16 00:00:00.000000,8000.0,Sell,Stock,
"Gil Cisneros
DemocratHouseCA","CALIFORNIA STATEWIDE COMMUNITIES DEVELOPMENT AUTHORITY
N/A","16 Feb
2026","29 Jan
2026",BUY,250K–500K,Gil Cisneros,,CALIFORNIA STATEWIDE COMMUNITIES DEVELOPMENT AUTHORITY,2026-01-29,2026-02-16 00:00:00.000000,375000.0,Buy,Stock,
"Gil Cisneros
DemocratHouseCA","CALIFORNIA STATEWIDE COMMUNITIES DEVELOPMENT AUTHORITY
N/A","16 Feb
2026","26 Jan
2026",BUY,250K–500K,Gil Cisneros,,CALIFORNIA STATEWIDE COMMUNITIES DEVELOPMENT AUTHORITY,2026-01-26,2026-02-16 00:00:00.000000,375000.0,Buy,Stock,
"Gil Cisneros
DemocratHouseCA","Cameco Corp
CCJ:US","16 Feb
2026","8 Jan
2026",SELL,1K–15K,Gil Cisneros,CCJ,Cameco Corp,2026-01-08,2026-02-16 00:00:00.000000,8000.0,Sell,Stock,
"Gil Cisneros
DemocratHouseCA","Canadian Pacific Railway Ltd
CP:US","16 Feb
2026","19 Jan
2026",BUY,1K–15K,Gil Cisneros,CP,Canadian Pacific Railway Ltd,2026-01-19,2026-02-16 00:00:00.000000,8000.0,Buy,Stock,
"Gil Cisneros
DemocratHouseCA","Capital One Financial Corp
COF:US","16 Feb
2026","8 Jan
2026",BUY,1K–15K,Gil Cisneros,COF,Capital One Financial Corp,2026-01-08,2026-02-16 00:00:00.000000,8000.0,Buy,Stock,
"Gil Cisneros
DemocratHouseCA","Cathay General Bancorp
CATY:US","16 Feb
2026","14 Jan
2026",BUY,1K–15K,Gil Cisneros,CATY,Cathay General Bancorp,2026-01-14,2026-02-16 00:00:00.000000,8000.0,Buy,Stock,
"Gil Cisneros
DemocratHouseCA","CF Industries Holdings Inc
CF:US","16 Feb
2026","8 Jan
2026",BUY,1K–15K,Gil Cisneros,CF,CF Industries Holdings Inc,2026-01-08,2026-02-16 00:00:00.000000,8000.0,Buy,Stock,
"Gil Cisneros
DemocratHouseCA","Schwab (Charles) Corp
SCHW:US","16 Feb
2026","8 Jan
2026",BUY,1K–15K,Gil Cisneros,SCHW,Schwab (Charles) Corp,2026-01-08,2026-02-16 00:00:00.000000,8000.0,Buy,Stock,
"Gil Cisneros
DemocratHouseCA","Chevron Corp
CVX:US","16 Feb
2026","8 Jan
2026",SELL,1K–15K,Gil Cisneros,CVX,Chevron Corp,2026-01-08,2026-02-16 00:00:00.000000,8000.0,Sell,Stock,
"Gil Cisneros
DemocratHouseCA","Chevron Corp
CVX:US","16 Feb
2026","8 Jan
2026",SELL,15K–50K,Gil Cisneros,CVX,Chevron Corp,2026-01-08,2026-02-16 00:00:00.000000,32500.0,Sell,Stock,
"Gil Cisneros
DemocratHouseCA","Chord Energy Corp
CHRD:US","16 Feb
2026","8 Jan
2026",SELL,1K–15K,Gil Cisneros,CHRD,Chord Energy Corp,2026-01-08,2026-02-16 00:00:00.000000,8000.0,Sell,Stock,
"Gil Cisneros
DemocratHouseCA","Chubb Ltd
CB:US","16 Feb
2026","8 Jan
2026",BUY,1K–15K,Gil Cisneros,CB,Chubb Ltd,2026-01-08,2026-02-16 00:00:00.000000,8000.0,Buy,Stock,
"Gil Cisneros
DemocratHouseCA","Cisco Systems Inc
CSCO:US","16 Feb
2026","8 Jan
2026",BUY,1K–15K,Gil Cisneros,CSCO,Cisco Systems Inc,2026-01-08,2026-02-16 00:00:00.000000,8000.0,Buy,Stock,
"Gil Cisneros
DemocratHouseCA","Cloudflare Inc
NET:US","16 Feb
2026","29 Jan
2026",BUY,1K–15K,Gil Cisneros,NET,Cloudflare Inc,2026-01-29,2026-02-16 00:00:00.000000,8000.0,Buy,Stock,
"Gil Cisneros
DemocratHouseCA","CME Group Inc
CME:US","16 Feb
2026","8 Jan
2026",BUY,1K–15K,Gil Cisneros,CME,CME Group Inc,2026-01-08,2026-02-16 00:00:00.000000,8000.0,Buy,Stock,
"Gil Cisneros
DemocratHouseCA","Coinbase Global Inc
COIN:US","16 Feb
2026","29 Jan
2026",BUY,1K–15K,Gil Cisneros,COIN,Coinbase Global Inc,2026-01-29,2026-02-16 00:00:00.000000,8000.0,Buy,Stock,
"Gil Cisneros
DemocratHouseCA","Umpqua Holdings Corp
COLB:US","16 Feb
2026","14 Jan
2026",SELL,15K–50K,Gil Cisneros,COLB,Umpqua Holdings Corp,2026-01-14,2026-02-16 00:00:00.000000,32500.0,Sell,Stock,
"Gil Cisneros
DemocratHouseCA","Comcast Corp
CMCSA:US","16 Feb
2026","8 Jan
2026",BUY,1K–15K,Gil Cisneros,CMCSA,Comcast Corp,2026-01-08,2026-02-16 00:00:00.000000,8000.0,Buy,Stock,
"Gil Cisneros
DemocratHouseCA","Conagra Brands Inc
CAG:US","16 Feb
2026","8 Jan
2026",SELL,1K–15K,Gil Cisneros,CAG,Conagra Brands Inc,2026-01-08,2026-02-16 00:00:00.000000,8000.0,Sell,Stock,
"Gil Cisneros
DemocratHouseCA","ConocoPhillips
COP:US","16 Feb
2026","8 Jan
2026",SELL,1K–15K,Gil Cisneros,COP,ConocoPhillips,2026-01-08,2026-02-16 00:00:00.000000,8000.0,Sell,Stock,
"Gil Cisneros
DemocratHouseCA","ConocoPhillips
COP:US","16 Feb
2026","6 Jan
2026",SELL,15K–50K,Gil Cisneros,COP,ConocoPhillips,2026-01-06,2026-02-16 00:00:00.000000,32500.0,Sell,Stock,
"Gil Cisneros
DemocratHouseCA","CoStar Group Inc
CSGP:US","16 Feb
2026","27 Jan
2026",BUY,1K–15K,Gil Cisneros,CSGP,CoStar Group Inc,2026-01-27,2026-02-16 00:00:00.000000,8000.0,Buy,Stock,
"Gil Cisneros
DemocratHouseCA","Costco Wholesale Corp
COST:US","16 Feb
2026","29 Jan
2026",BUY,1K–15K,Gil Cisneros,COST,Costco Wholesale Corp,2026-01-29,2026-02-16 00:00:00.000000,8000.0,Buy,Stock,
"Gil Cisneros
DemocratHouseCA","CREDO TECH GROUP HOLDING LTD
N/A","16 Feb
2026","19 Jan
2026",BUY,1K–15K,Gil Cisneros,,CREDO TECH GROUP HOLDING LTD,2026-01-19,2026-02-16 00:00:00.000000,8000.0,Buy,Stock,
"Gil Cisneros
DemocratHouseCA","CSW INDUSTRIALS INC
CSWI:US","16 Feb
2026","14 Jan
2026",BUY,1K–15K,Gil Cisneros,CSWI,CSW INDUSTRIALS INC,2026-01-14,2026-02-16 00:00:00.000000,8000.0,Buy,Stock,
"Gil Cisneros
DemocratHouseCA","D.R. Horton Inc
DHI:US","16 Feb
2026","8 Jan
2026",SELL,1K–15K,Gil Cisneros,DHI,D.R. Horton Inc,2026-01-08,2026-02-16 00:00:00.000000,8000.0,Sell,Stock,
"Gil Cisneros
DemocratHouseCA","Dollar Tree Inc
DLTR:US","16 Feb
2026","27 Jan
2026",SELL,1K–15K,Gil Cisneros,DLTR,Dollar Tree Inc,2026-01-27,2026-02-16 00:00:00.000000,8000.0,Sell,Stock,
"Gil Cisneros
DemocratHouseCA","DoorDash Inc
DASH:US","16 Feb
2026","19 Jan
2026",BUY,1K–15K,Gil Cisneros,DASH,DoorDash Inc,2026-01-19,2026-02-16 00:00:00.000000,8000.0,Buy,Stock,
"Gil Cisneros
DemocratHouseCA","DoorDash Inc
DASH:US","16 Feb
2026","27 Jan
2026",BUY,1K–15K,Gil Cisneros,DASH,DoorDash Inc,2026-01-27,2026-02-16 00:00:00.000000,8000.0,Buy,Stock,
"Gil Cisneros
DemocratHouseCA","DoorDash Inc
DASH:US","16 Feb
2026","5 Jan
2026",BUY,1K–15K,Gil Cisneros,DASH,DoorDash Inc,2026-01-05,2026-02-16 00:00:00.000000,8000.0,Buy,Stock,
"Gil Cisneros
DemocratHouseCA","DuPont De Nemours Inc
DD:US","16 Feb
2026","8 Jan
2026",BUY,1K–15K,Gil Cisneros,DD,DuPont De Nemours Inc,2026-01-08,2026-02-16 00:00:00.000000,8000.0,Buy,Stock,
"Gil Cisneros
DemocratHouseCA","Eaton Corp PLC
ETN:US","16 Feb
2026","29 Jan
2026",BUY,1K–15K,Gil Cisneros,ETN,Eaton Corp PLC,2026-01-29,2026-02-16 00:00:00.000000,8000.0,Buy,Stock,
"Gil Cisneros
DemocratHouseCA","Enerpac Tool Group Corp
EPAC:US","16 Feb
2026","26 Jan
2026",BUY,1K–15K,Gil Cisneros,EPAC,Enerpac Tool Group Corp,2026-01-26,2026-02-16 00:00:00.000000,8000.0,Buy,Stock,
"Gil Cisneros
DemocratHouseCA","EOG Resources Inc
EOG:US","16 Feb
2026","8 Jan
2026",SELL,1K–15K,Gil Cisneros,EOG,EOG Resources Inc,2026-01-08,2026-02-16 00:00:00.000000,8000.0,Sell,Stock,
"Gil Cisneros
DemocratHouseCA","Everest Re Group Ltd
RE:US","16 Feb
2026","8 Jan
2026",BUY,1K–15K,Gil Cisneros,RE,Everest Re Group Ltd,2026-01-08,2026-02-16 00:00:00.000000,8000.0,Buy,Stock,
"Gil Cisneros
DemocratHouseCA","Exxon Mobil Corp
XOM:US","16 Feb
2026","8 Jan
2026",SELL,50K–100K,Gil Cisneros,XOM,Exxon Mobil Corp,2026-01-08,2026-02-16 00:00:00.000000,75000.0,Sell,Stock,
"Gil Cisneros
DemocratHouseCA","FB FINANCIAL CORP
FBK:US","16 Feb
2026","4 Jan
2026",BUY,1K–15K,Gil Cisneros,FBK,FB FINANCIAL CORP,2026-01-04,2026-02-16 00:00:00.000000,8000.0,Buy,Stock,
"Gil Cisneros
DemocratHouseCA","FB FINANCIAL CORP
FBK:US","16 Feb
2026","14 Jan
2026",BUY,1K–15K,Gil Cisneros,FBK,FB FINANCIAL CORP,2026-01-14,2026-02-16 00:00:00.000000,8000.0,Buy,Stock,
"Gil Cisneros
DemocratHouseCA","FedEx Corp
FDX:US","16 Feb
2026","8 Jan
2026",BUY,1K–15K,Gil Cisneros,FDX,FedEx Corp,2026-01-08,2026-02-16 00:00:00.000000,8000.0,Buy,Stock,
"Gil Cisneros
DemocratHouseCA","First Solar Inc
FSLR:US","16 Feb
2026","8 Jan
2026",BUY,1K–15K,Gil Cisneros,FSLR,First Solar Inc,2026-01-08,2026-02-16 00:00:00.000000,8000.0,Buy,Stock,
"Gil Cisneros
DemocratHouseCA","Franco-Nevada Corp
FNV:US","16 Feb
2026","26 Jan
2026",BUY,15K–50K,Gil Cisneros,FNV,Franco-Nevada Corp,2026-01-26,2026-02-16 00:00:00.000000,32500.0,Buy,Stock,
"Gil Cisneros
DemocratHouseCA","General Electric Co
GE:US","16 Feb
2026","8 Jan
2026",BUY,15K–50K,Gil Cisneros,GE,General Electric Co,2026-01-08,2026-02-16 00:00:00.000000,32500.0,Buy,Stock,
"Gil Cisneros
DemocratHouseCA","GE VERNOVA INC
GEV:US","16 Feb
2026","8 Jan
2026",BUY,1K–15K,Gil Cisneros,GEV,GE VERNOVA INC,2026-01-08,2026-02-16 00:00:00.000000,8000.0,Buy,Stock,
"Gil Cisneros
DemocratHouseCA","General Dynamics Corp
GD:US","16 Feb
2026","8 Jan
2026",BUY,1K–15K,Gil Cisneros,GD,General Dynamics Corp,2026-01-08,2026-02-16 00:00:00.000000,8000.0,Buy,Stock,
"Gil Cisneros
DemocratHouseCA","Glacier Bancorp Inc
GBCI:US","16 Feb
2026","14 Jan
2026",BUY,1K–15K,Gil Cisneros,GBCI,Glacier Bancorp Inc,2026-01-14,2026-02-16 00:00:00.000000,8000.0,Buy,Stock,
"Gil Cisneros
DemocratHouseCA","Gulfport Energy Corp
GPORQ:US","16 Feb
2026","8 Jan
2026",SELL,1K–15K,Gil Cisneros,GPORQ,Gulfport Energy Corp,2026-01-08,2026-02-16 00:00:00.000000,8000.0,Sell,Stock,
"Gil Cisneros
DemocratHouseCA","Halliburton Co
HAL:US","16 Feb
2026","8 Jan
2026",SELL,1K–15K,Gil Cisneros,HAL,Halliburton Co,2026-01-08,2026-02-16 00:00:00.000000,8000.0,Sell,Stock,
"Gil Cisneros
DemocratHouseCA","Healthpeak Properties Inc
PEAK:US","16 Feb
2026","8 Jan
2026",BUY,1K–15K,Gil Cisneros,PEAK,Healthpeak Properties Inc,2026-01-08,2026-02-16 00:00:00.000000,8000.0,Buy,Stock,
"Gil Cisneros
DemocratHouseCA","Hermes International SA
HESAY:US","16 Feb
2026","2 Feb
2026",BUY,1K–15K,Gil Cisneros,HESAY,Hermes International SA,2026-02-02,2026-02-16 00:00:00.000000,8000.0,Buy,Stock,
"Gil Cisneros
DemocratHouseCA","The Home Depot Inc
HD:US","16 Feb
2026","29 Jan
2026",BUY,1K–15K,Gil Cisneros,HD,The Home Depot Inc,2026-01-29,2026-02-16 00:00:00.000000,8000.0,Buy,Stock,
"Gil Cisneros
DemocratHouseCA","Horace Mann Educators Corp
HMN:US","16 Feb
2026","4 Jan
2026",SELL,1K–15K,Gil Cisneros,HMN,Horace Mann Educators Corp,2026-01-04,2026-02-16 00:00:00.000000,8000.0,Sell,Stock,
"Gil Cisneros
DemocratHouseCA","Host Hotels & Resorts Inc
HST:US","16 Feb
2026","8 Jan
2026",BUY,1K–15K,Gil Cisneros,HST,Host Hotels & Resorts Inc,2026-01-08,2026-02-16 00:00:00.000000,8000.0,Buy,Stock,
"Gil Cisneros
DemocratHouseCA","Independence Realty Trust Inc
IRT:US","16 Feb
2026","14 Jan
2026",BUY,1K–15K,Gil Cisneros,IRT,Independence Realty Trust Inc,2026-01-14,2026-02-16 00:00:00.000000,8000.0,Buy,Stock,
"Gil Cisneros
DemocratHouseCA","Intel Corp
INTC:US","16 Feb
2026","8 Jan
2026",BUY,1K–15K,Gil Cisneros,INTC,Intel Corp,2026-01-08,2026-02-16 00:00:00.000000,8000.0,Buy,Stock,
"Gil Cisneros
DemocratHouseCA","Intuitive Surgical Inc
ISRG:US","16 Feb
2026","29 Jan
2026",BUY,1K–15K,Gil Cisneros,ISRG,Intuitive Surgical Inc,2026-01-29,2026-02-16 00:00:00.000000,8000.0,Buy,Stock,
"Gil Cisneros
DemocratHouseCA","Invesco Ltd
IVZ:US","16 Feb
2026","8 Jan
2026",BUY,1K–15K,Gil Cisneros,IVZ,Invesco Ltd,2026-01-08,2026-02-16 00:00:00.000000,8000.0,Buy,Stock,
"Gil Cisneros
DemocratHouseCA","KENVUE INC
KVUE:US","16 Feb
2026","8 Jan
2026",SELL,1K–15K,Gil Cisneros,KVUE,KENVUE INC,2026-01-08,2026-02-16 00:00:00.000000,8000.0,Sell,Stock,
"Gil Cisneros
DemocratHouseCA","KeyCorp
KEY:US","16 Feb
2026","8 Jan
2026",BUY,1K–15K,Gil Cisneros,KEY,KeyCorp,2026-01-08,2026-02-16 00:00:00.000000,8000.0,Buy,Stock,
"Gil Cisneros
DemocratHouseCA","Kinder Morgan Inc
KMI:US","16 Feb
2026","8 Jan
2026",SELL,1K–15K,Gil Cisneros,KMI,Kinder Morgan Inc,2026-01-08,2026-02-16 00:00:00.000000,8000.0,Sell,Stock,
"Gil Cisneros
DemocratHouseCA","LEGENCE CORP
LGN:US","16 Feb
2026","14 Jan
2026",BUY,1K–15K,Gil Cisneros,LGN,LEGENCE CORP,2026-01-14,2026-02-16 00:00:00.000000,8000.0,Buy,Stock,
"Gil Cisneros
DemocratHouseCA","Lennar Corp
LEN:US","16 Feb
2026","8 Jan
2026",SELL,1K–15K,Gil Cisneros,LEN,Lennar Corp,2026-01-08,2026-02-16 00:00:00.000000,8000.0,Sell,Stock,
"Gil Cisneros
DemocratHouseCA","Leonardo SPA
FINMY:US","16 Feb
2026","2 Feb
2026",BUY,1K–15K,Gil Cisneros,FINMY,Leonardo SPA,2026-02-02,2026-02-16 00:00:00.000000,8000.0,Buy,Stock,
"Gil Cisneros
DemocratHouseCA","Ligand Pharmaceuticals Inc
LGND:US","16 Feb
2026","14 Jan
2026",BUY,1K–15K,Gil Cisneros,LGND,Ligand Pharmaceuticals Inc,2026-01-14,2026-02-16 00:00:00.000000,8000.0,Buy,Stock,
"Gil Cisneros
DemocratHouseCA","Ligand Pharmaceuticals Inc
LGND:US","16 Feb
2026","4 Jan
2026",BUY,1K–15K,Gil Cisneros,LGND,Ligand Pharmaceuticals Inc,2026-01-04,2026-02-16 00:00:00.000000,8000.0,Buy,Stock,
"Gil Cisneros
DemocratHouseCA","Linde PLC
LIN:US","16 Feb
2026","8 Jan
2026",BUY,1K–15K,Gil Cisneros,LIN,Linde PLC,2026-01-08,2026-02-16 00:00:00.000000,8000.0,Buy,Stock,
"Gil Cisneros
DemocratHouseCA","LyondellBasell Industries NV
LYB:US","16 Feb
2026","8 Jan
2026",BUY,1K–15K,Gil Cisneros,LYB,LyondellBasell Industries NV,2026-01-08,2026-02-16 00:00:00.000000,8000.0,Buy,Stock,
"Gil Cisneros
DemocratHouseCA","MACOM Technology Solutions Holdings Inc
MTSI:US","16 Feb
2026","19 Jan
2026",SELL,1K–15K,Gil Cisneros,MTSI,MACOM Technology Solutions Holdings Inc,2026-01-19,2026-02-16 00:00:00.000000,8000.0,Sell,Stock,
"Gil Cisneros
DemocratHouseCA","Magnolia Oil & Gas Corp
MGY:US","16 Feb
2026","8 Jan
2026",SELL,15K–50K,Gil Cisneros,MGY,Magnolia Oil & Gas Corp,2026-01-08,2026-02-16 00:00:00.000000,32500.0,Sell,Stock,
"Gil Cisneros
DemocratHouseCA","Matador Resources Co
MTDR:US","16 Feb
2026","8 Jan
2026",SELL,15K–50K,Gil Cisneros,MTDR,Matador Resources Co,2026-01-08,2026-02-16 00:00:00.000000,32500.0,Sell,Stock,
"Gil Cisneros
DemocratHouseCA","Medpace Holdings Inc
MEDP:US","16 Feb
2026","14 Jan
2026",SELL,15K–50K,Gil Cisneros,MEDP,Medpace Holdings Inc,2026-01-14,2026-02-16 00:00:00.000000,32500.0,Sell,Stock,
"Gil Cisneros
DemocratHouseCA","MercadoLibre Inc
MELI:US","16 Feb
2026","29 Jan
2026",BUY,1K–15K,Gil Cisneros,MELI,MercadoLibre Inc,2026-01-29,2026-02-16 00:00:00.000000,8000.0,Buy,Stock,
"Gil Cisneros
DemocratHouseCA","Meta Platforms Inc
META:US","16 Feb
2026","29 Jan
2026",BUY,1K–15K,Gil Cisneros,META,Meta Platforms Inc,2026-01-29,2026-02-16 00:00:00.000000,8000.0,Buy,Stock,
"Gil Cisneros
DemocratHouseCA","CITY OF MILWAUKEE WISCONSIN
N/A","16 Feb
2026","29 Jan
2026",SELL,100K–250K,Gil Cisneros,,CITY OF MILWAUKEE WISCONSIN,2026-01-29,2026-02-16 00:00:00.000000,175000.0,Sell,Stock,
"Gil Cisneros
DemocratHouseCA","Minerals Technologies Inc
MTX:US","16 Feb
2026","4 Jan
2026",SELL,1K–15K,Gil Cisneros,MTX,Minerals Technologies Inc,2026-01-04,2026-02-16 00:00:00.000000,8000.0,Sell,Stock,
"Gil Cisneros
DemocratHouseCA","MITSUBISHI HEAVY INDUST LTD
MHVIY:US","16 Feb
2026","2 Feb
2026",BUY,1K–15K,Gil Cisneros,MHVIY,MITSUBISHI HEAVY INDUST LTD,2026-02-02,2026-02-16 00:00:00.000000,8000.0,Buy,Stock,
"Gil Cisneros
DemocratHouseCA","The Mosaic Company
MOS:US","16 Feb
2026","8 Jan
2026",BUY,1K–15K,Gil Cisneros,MOS,The Mosaic Company,2026-01-08,2026-02-16 00:00:00.000000,8000.0,Buy,Stock,
"Gil Cisneros
DemocratHouseCA","National Health Investors Inc
NHI:US","16 Feb
2026","14 Jan
2026",BUY,1K–15K,Gil Cisneros,NHI,National Health Investors Inc,2026-01-14,2026-02-16 00:00:00.000000,8000.0,Buy,Stock,
"Gil Cisneros
DemocratHouseCA","NVIDIA Corporation
NVDA:US","16 Feb
2026","29 Jan
2026",BUY,1K–15K,Gil Cisneros,NVDA,NVIDIA Corporation,2026-01-29,2026-02-16 00:00:00.000000,8000.0,Buy,Stock,
"Gil Cisneros
DemocratHouseCA","ONEOK Inc
OKE:US","16 Feb
2026","8 Jan
2026",SELL,1K–15K,Gil Cisneros,OKE,ONEOK Inc,2026-01-08,2026-02-16 00:00:00.000000,8000.0,Sell,Stock,
"Gil Cisneros
DemocratHouseCA","Oracle Corp
ORCL:US","16 Feb
2026","29 Jan
2026",BUY,1K–15K,Gil Cisneros,ORCL,Oracle Corp,2026-01-29,2026-02-16 00:00:00.000000,8000.0,Buy,Stock,
"Gil Cisneros
DemocratHouseCA","Palantir Technologies Inc
PLTR:US","16 Feb
2026","8 Jan
2026",BUY,1K–15K,Gil Cisneros,PLTR,Palantir Technologies Inc,2026-01-08,2026-02-16 00:00:00.000000,8000.0,Buy,Stock,
"Gil Cisneros
DemocratHouseCA","Pan American Silver Corp
PAAS:US","16 Feb
2026","26 Jan
2026",SELL,50K–100K,Gil Cisneros,PAAS,Pan American Silver Corp,2026-01-26,2026-02-16 00:00:00.000000,75000.0,Sell,Stock,
"Gil Cisneros
DemocratHouseCA","PERELLA WEINBERG PARTNERS
N/A","16 Feb
2026","14 Jan
2026",BUY,1K–15K,Gil Cisneros,,PERELLA WEINBERG PARTNERS,2026-01-14,2026-02-16 00:00:00.000000,8000.0,Buy,Stock,
"Gil Cisneros
DemocratHouseCA","The Procter & Gamble Co
PG:US","16 Feb
2026","29 Jan
2026",SELL,1K–15K,Gil Cisneros,PG,The Procter & Gamble Co,2026-01-29,2026-02-16 00:00:00.000000,8000.0,Sell,Stock,
"Gil Cisneros
DemocratHouseCA","The Progressive Corp
PGR:US","16 Feb
2026","8 Jan
2026",BUY,1K–15K,Gil Cisneros,PGR,The Progressive Corp,2026-01-08,2026-02-16 00:00:00.000000,8000.0,Buy,Stock,
"Gil Cisneros
DemocratHouseCA","Prudential Financial Inc
PRU:US","16 Feb
2026","8 Jan
2026",BUY,1K–15K,Gil Cisneros,PRU,Prudential Financial Inc,2026-01-08,2026-02-16 00:00:00.000000,8000.0,Buy,Stock,
"Gil Cisneros
DemocratHouseCA","PTC Inc
PTC:US","16 Feb
2026","27 Jan
2026",BUY,1K–15K,Gil Cisneros,PTC,PTC Inc,2026-01-27,2026-02-16 00:00:00.000000,8000.0,Buy,Stock,
"Gil Cisneros
DemocratHouseCA","Quanta Services Inc
PWR:US","16 Feb
2026","29 Jan
2026",BUY,1K–15K,Gil Cisneros,PWR,Quanta Services Inc,2026-01-29,2026-02-16 00:00:00.000000,8000.0,Buy,Stock,
"Gil Cisneros
DemocratHouseCA","REDLANDS UNIFIED SCHOOL DISTRICT
N/A","16 Feb
2026","29 Jan
2026",SELL,50K–100K,Gil Cisneros,,REDLANDS UNIFIED SCHOOL DISTRICT,2026-01-29,2026-02-16 00:00:00.000000,75000.0,Sell,Stock,
"Gil Cisneros
DemocratHouseCA","Regency Centers Corp
REG:US","16 Feb
2026","8 Jan
2026",BUY,1K–15K,Gil Cisneros,REG,Regency Centers Corp,2026-01-08,2026-02-16 00:00:00.000000,8000.0,Buy,Stock,
"Gil Cisneros
DemocratHouseCA","RHEINMETALL AG
RNMBY:US","16 Feb
2026","2 Feb
2026",BUY,1K–15K,Gil Cisneros,RNMBY,RHEINMETALL AG,2026-02-02,2026-02-16 00:00:00.000000,8000.0,Buy,Stock,
"Gil Cisneros
DemocratHouseCA","Robinhood Markets Inc
HOOD:US","16 Feb
2026","29 Jan
2026",BUY,1K–15K,Gil Cisneros,HOOD,Robinhood Markets Inc,2026-01-29,2026-02-16 00:00:00.000000,8000.0,Buy,Stock,
"Gil Cisneros
DemocratHouseCA","RTX Corp
RTX:US","16 Feb
2026","8 Jan
2026",BUY,1K–15K,Gil Cisneros,RTX,RTX Corp,2026-01-08,2026-02-16 00:00:00.000000,8000.0,Buy,Stock,
"Gil Cisneros
DemocratHouseCA","Ryman Hospitality Properties Inc
RHP:US","16 Feb
2026","14 Jan
2026",BUY,1K–15K,Gil Cisneros,RHP,Ryman Hospitality Properties Inc,2026-01-14,2026-02-16 00:00:00.000000,8000.0,Buy,Stock,
"Gil Cisneros
DemocratHouseCA","CITY AND COUNTY OF SAN FRANCISCO
N/A","16 Feb
2026","29 Jan
2026",SELL,250K–500K,Gil Cisneros,,CITY AND COUNTY OF SAN FRANCISCO,2026-01-29,2026-02-16 00:00:00.000000,375000.0,Sell,Stock,
"Gil Cisneros
DemocratHouseCA","SANDISK CORP
SNDK:US","16 Feb
2026","8 Jan
2026",BUY,1K–15K,Gil Cisneros,SNDK,SANDISK CORP,2026-01-08,2026-02-16 00:00:00.000000,8000.0,Buy,Stock,
"Gil Cisneros
DemocratHouseCA","SBA Communications Corp
SBAC:US","16 Feb
2026","8 Jan
2026",SELL,1K–15K,Gil Cisneros,SBAC,SBA Communications Corp,2026-01-08,2026-02-16 00:00:00.000000,8000.0,Sell,Stock,
"Gil Cisneros
DemocratHouseCA","Schneider Electric SA
SBGSY:US","16 Feb
2026","11 Jan
2026",SELL,1K–15K,Gil Cisneros,SBGSY,Schneider Electric SA,2026-01-11,2026-02-16 00:00:00.000000,8000.0,Sell,Stock,
"Gil Cisneros
DemocratHouseCA","SCHNEIDER NATIONAL INC
SNDR:US","16 Feb
2026","14 Jan
2026",SELL,1K–15K,Gil Cisneros,SNDR,SCHNEIDER NATIONAL INC,2026-01-14,2026-02-16 00:00:00.000000,8000.0,Sell,Stock,
"Gil Cisneros
DemocratHouseCA","Semtech Corp
SMTC:US","16 Feb
2026","19 Jan
2026",BUY,1K–15K,Gil Cisneros,SMTC,Semtech Corp,2026-01-19,2026-02-16 00:00:00.000000,8000.0,Buy,Stock,
"Gil Cisneros
DemocratHouseCA","Shake Shack Inc
SHAK:US","16 Feb
2026","4 Jan
2026",BUY,1K–15K,Gil Cisneros,SHAK,Shake Shack Inc,2026-01-04,2026-02-16 00:00:00.000000,8000.0,Buy,Stock,
"Gil Cisneros
DemocratHouseCA","Silgan Holdings Inc
SLGN:US","16 Feb
2026","14 Jan
2026",SELL,1K–15K,Gil Cisneros,SLGN,Silgan Holdings Inc,2026-01-14,2026-02-16 00:00:00.000000,8000.0,Sell,Stock,
"Gil Cisneros
DemocratHouseCA","Silgan Holdings Inc
SLGN:US","16 Feb
2026","4 Jan
2026",SELL,1K–15K,Gil Cisneros,SLGN,Silgan Holdings Inc,2026-01-04,2026-02-16 00:00:00.000000,8000.0,Sell,Stock,
"Gil Cisneros
DemocratHouseCA","SKYWARD SPECIALTY INS GP INC
N/A","16 Feb
2026","4 Jan
2026",BUY,1K–15K,Gil Cisneros,,SKYWARD SPECIALTY INS GP INC,2026-01-04,2026-02-16 00:00:00.000000,8000.0,Buy,Stock,
"Gil Cisneros
DemocratHouseCA","Skyworks Solutions Inc
SWKS:US","16 Feb
2026","8 Jan
2026",BUY,1K–15K,Gil Cisneros,SWKS,Skyworks Solutions Inc,2026-01-08,2026-02-16 00:00:00.000000,8000.0,Buy,Stock,
"Gil Cisneros
DemocratHouseCA","Solaris Oilfield Infrastructure Inc
SOI:US","16 Feb
2026","8 Jan
2026",SELL,15K–50K,Gil Cisneros,SOI,Solaris Oilfield Infrastructure Inc,2026-01-08,2026-02-16 00:00:00.000000,32500.0,Sell,Stock,
"Gil Cisneros
DemocratHouseCA","ENERGY SOUTHEAST A COOPERATIVE DISTRICT
N/A","16 Feb
2026","22 Jan
2026",SELL,250K–500K,Gil Cisneros,,ENERGY SOUTHEAST A COOPERATIVE DISTRICT,2026-01-22,2026-02-16 00:00:00.000000,375000.0,Sell,Stock,
"Gil Cisneros
DemocratHouseCA","Steel Dynamics Inc
STLD:US","16 Feb
2026","8 Jan
2026",BUY,1K–15K,Gil Cisneros,STLD,Steel Dynamics Inc,2026-01-08,2026-02-16 00:00:00.000000,8000.0,Buy,Stock,
"Gil Cisneros
DemocratHouseCA","Taiwan Semiconductor Manufacturing Co Ltd
TSM:US","16 Feb
2026","29 Jan
2026",BUY,1K–15K,Gil Cisneros,TSM,Taiwan Semiconductor Manufacturing Co Ltd,2026-01-29,2026-02-16 00:00:00.000000,8000.0,Buy,Stock,
"Gil Cisneros
DemocratHouseCA","Targa Resources Corp
TRGP:US","16 Feb
2026","8 Jan
2026",SELL,1K–15K,Gil Cisneros,TRGP,Targa Resources Corp,2026-01-08,2026-02-16 00:00:00.000000,8000.0,Sell,Stock,
"Gil Cisneros
DemocratHouseCA","Tencent Holdings LTD
TCEHY:US","16 Feb
2026","2 Feb
2026",BUY,1K–15K,Gil Cisneros,TCEHY,Tencent Holdings LTD,2026-02-02,2026-02-16 00:00:00.000000,8000.0,Buy,Stock,
"Gil Cisneros
DemocratHouseCA","Tesla Inc
TSLA:US","16 Feb
2026","8 Jan
2026",BUY,1K–15K,Gil Cisneros,TSLA,Tesla Inc,2026-01-08,2026-02-16 00:00:00.000000,8000.0,Buy,Stock,
"Gil Cisneros
DemocratHouseCA","Texas Roadhouse Inc
TXRH:US","16 Feb
2026","4 Jan
2026",SELL,1K–15K,Gil Cisneros,TXRH,Texas Roadhouse Inc,2026-01-04,2026-02-16 00:00:00.000000,8000.0,Sell,Stock,
"Gil Cisneros
DemocratHouseCA","The Kraft Heinz Co
KHC:US","16 Feb
2026","8 Jan
2026",SELL,1K–15K,Gil Cisneros,KHC,The Kraft Heinz Co,2026-01-08,2026-02-16 00:00:00.000000,8000.0,Sell,Stock,
"Gil Cisneros
DemocratHouseCA","The Trade Desk Inc
TTD:US","16 Feb
2026","8 Jan
2026",BUY,1K–15K,Gil Cisneros,TTD,The Trade Desk Inc,2026-01-08,2026-02-16 00:00:00.000000,8000.0,Buy,Stock,
"Gil Cisneros
DemocratHouseCA","TransDigm Group Inc
TDG:US","16 Feb
2026","29 Jan
2026",BUY,1K–15K,Gil Cisneros,TDG,TransDigm Group Inc,2026-01-29,2026-02-16 00:00:00.000000,8000.0,Buy,Stock,
"Gil Cisneros
DemocratHouseCA","United Parcel Service Inc
UPS:US","16 Feb
2026","8 Jan
2026",BUY,1K–15K,Gil Cisneros,UPS,United Parcel Service Inc,2026-01-08,2026-02-16 00:00:00.000000,8000.0,Buy,Stock,
"Gil Cisneros
DemocratHouseCA","Valero Energy Corp
VLO:US","16 Feb
2026","8 Jan
2026",SELL,1K–15K,Gil Cisneros,VLO,Valero Energy Corp,2026-01-08,2026-02-16 00:00:00.000000,8000.0,Sell,Stock,
"Gil Cisneros
DemocratHouseCA","Ventas Inc
VTR:US","16 Feb
2026","8 Jan
2026",SELL,1K–15K,Gil Cisneros,VTR,Ventas Inc,2026-01-08,2026-02-16 00:00:00.000000,8000.0,Sell,Stock,
"Gil Cisneros
DemocratHouseCA","VERALTO CORP
VLTO:US","16 Feb
2026","27 Jan
2026",SELL,1K–15K,Gil Cisneros,VLTO,VERALTO CORP,2026-01-27,2026-02-16 00:00:00.000000,8000.0,Sell,Stock,
"Gil Cisneros
DemocratHouseCA","VERISK ANALYTICS Inc
VRSK:US","16 Feb
2026","8 Jan
2026",SELL,1K–15K,Gil Cisneros,VRSK,VERISK ANALYTICS Inc,2026-01-08,2026-02-16 00:00:00.000000,8000.0,Sell,Stock,
"Gil Cisneros
DemocratHouseCA","Vertiv Holdings Co
VRT:US","16 Feb
2026","29 Jan
2026",BUY,1K–15K,Gil Cisneros,VRT,Vertiv Holdings Co,2026-01-29,2026-02-16 00:00:00.000000,8000.0,Buy,Stock,
"Gil Cisneros
DemocratHouseCA","VICI Properties Inc
VICI:US","16 Feb
2026","8 Jan
2026",BUY,1K–15K,Gil Cisneros,VICI,VICI Properties Inc,2026-01-08,2026-02-16 00:00:00.000000,8000.0,Buy,Stock,
"Gil Cisneros
DemocratHouseCA","Berkley (W.R.) Corp
WRB:US","16 Feb
2026","5 Jan
2026",SELL,1K–15K,Gil Cisneros,WRB,Berkley (W.R.) Corp,2026-01-05,2026-02-16 00:00:00.000000,8000.0,Sell,Stock,
"Gil Cisneros
DemocratHouseCA","Berkley (W.R.) Corp
WRB:US","16 Feb
2026","19 Jan
2026",SELL,1K–15K,Gil Cisneros,WRB,Berkley (W.R.) Corp,2026-01-19,2026-02-16 00:00:00.000000,8000.0,Sell,Stock,
"Gil Cisneros
DemocratHouseCA","The Walt Disney Co
DIS:US","16 Feb
2026","8 Jan
2026",BUY,1K–15K,Gil Cisneros,DIS,The Walt Disney Co,2026-01-08,2026-02-16 00:00:00.000000,8000.0,Buy,Stock,
"Gil Cisneros
DemocratHouseCA","Warner Bros Discover Inc
WBD:US","16 Feb
2026","8 Jan
2026",BUY,1K–15K,Gil Cisneros,WBD,Warner Bros Discover Inc,2026-01-08,2026-02-16 00:00:00.000000,8000.0,Buy,Stock,
"Gil Cisneros
DemocratHouseCA","Wheaton Precious Metals Corp
WPM:US","16 Feb
2026","26 Jan
2026",BUY,15K–50K,Gil Cisneros,WPM,Wheaton Precious Metals Corp,2026-01-26,2026-02-16 00:00:00.000000,32500.0,Buy,Stock,
"Gil Cisneros
DemocratHouseCA","The Williams Cos Inc
WMB:US","16 Feb
2026","8 Jan
2026",SELL,1K–15K,Gil Cisneros,WMB,The Williams Cos Inc,2026-01-08,2026-02-16 00:00:00.000000,8000.0,Sell,Stock,
"Gil Cisneros
DemocratHouseCA","Workday Inc
WDAY:US","16 Feb
2026","27 Jan
2026",BUY,1K–15K,Gil Cisneros,WDAY,Workday Inc,2026-01-27,2026-02-16 00:00:00.000000,8000.0,Buy,Stock,
"Gil Cisneros
DemocratHouseCA","XIAOMI CORPORATION
XIACF:US","16 Feb
2026","2 Feb
2026",BUY,1K–15K,Gil Cisneros,XIACF,XIAOMI CORPORATION,2026-02-02,2026-02-16 00:00:00.000000,8000.0,Buy,Stock,
"John Boozman
RepublicanSenateAR","Visa Inc
V:US","15 Feb
2026","14 Jan
2026",BUY,1K–15K,John Boozman,V,Visa Inc,2026-01-14,2026-02-15 00:00:00.000000,8000.0,Buy,Stock,
"John Boozman
RepublicanSenateAR","Vanguard Global ex-U.S. Real Estate ETF
VNQI:US","15 Feb
2026","22 Jan
2026",BUY,1K–15K,John Boozman,VNQI,Vanguard Global ex-U.S. Real Estate ETF,2026-01-22,2026-02-15 00:00:00.000000,8000.0,Buy,Stock,
"John Boozman
RepublicanSenateAR","Managed Portfolio Series Tortoise North American Pipeline Fund
TPYP:US","15 Feb
2026","22 Jan
2026",BUY,1K–15K,John Boozman,TPYP,Managed Portfolio Series Tortoise North American Pipeline Fund,2026-01-22,2026-02-15 00:00:00.000000,8000.0,Buy,Stock,
"John Boozman
RepublicanSenateAR","SPROTT LITHIUM MINERS ETF (LITP)
N/A","15 Feb
2026","22 Jan
2026",BUY,1K–15K,John Boozman,,SPROTT LITHIUM MINERS ETF (LITP),2026-01-22,2026-02-15 00:00:00.000000,8000.0,Buy,Stock,
"John Boozman
RepublicanSenateAR","PayPal Holdings Inc
PYPL:US","15 Feb
2026","28 Jan
2026",BUY,1K–15K,John Boozman,PYPL,PayPal Holdings Inc,2026-01-28,2026-02-15 00:00:00.000000,8000.0,Buy,Stock,
"John Boozman
RepublicanSenateAR","NEW WORLD FUND INC
RNWGX:US","15 Feb
2026","22 Jan
2026",BUY,1K–15K,John Boozman,RNWGX,NEW WORLD FUND INC,2026-01-22,2026-02-15 00:00:00.000000,8000.0,Buy,Stock,
"John Boozman
RepublicanSenateAR","Netflix Inc
NFLX:US","15 Feb
2026","7 Jan
2026",BUY,1K–15K,John Boozman,NFLX,Netflix Inc,2026-01-07,2026-02-15 00:00:00.000000,8000.0,Buy,Stock,
"John Boozman
RepublicanSenateAR","Janus Henderson Mortgage-Backed Securities ETF
JMBS:US","15 Feb
2026","22 Jan
2026",BUY,1K–15K,John Boozman,JMBS,Janus Henderson Mortgage-Backed Securities ETF,2026-01-22,2026-02-15 00:00:00.000000,8000.0,Buy,Stock,
"John Boozman
RepublicanSenateAR","iShares Core S&P 500 ETF
IVV:US","15 Feb
2026","22 Jan
2026",BUY,1K–15K,John Boozman,IVV,iShares Core S&P 500 ETF,2026-01-22,2026-02-15 00:00:00.000000,8000.0,Buy,Stock,
"John Boozman
RepublicanSenateAR","iShares CMBS ETF
CMBS:US","15 Feb
2026","22 Jan
2026",BUY,1K–15K,John Boozman,CMBS,iShares CMBS ETF,2026-01-22,2026-02-15 00:00:00.000000,8000.0,Buy,Stock,
"John Boozman
RepublicanSenateAR","iShares MBS ETF
MBB:US","15 Feb
2026","22 Jan
2026",BUY,1K–15K,John Boozman,MBB,iShares MBS ETF,2026-01-22,2026-02-15 00:00:00.000000,8000.0,Buy,Stock,
"John Boozman
RepublicanSenateAR","INVESCO SHORT TERM TREAS ETF
TBLL:US","15 Feb
2026","22 Jan
2026",BUY,1K–15K,John Boozman,TBLL,INVESCO SHORT TERM TREAS ETF,2026-01-22,2026-02-15 00:00:00.000000,8000.0,Buy,Stock,
"John Boozman
RepublicanSenateAR","Goldman Sachs Access Investment Grade Corporate Bond ETF
GIGB:US","15 Feb
2026","22 Jan
2026",BUY,1K–15K,John Boozman,GIGB,Goldman Sachs Access Investment Grade Corporate Bond ETF,2026-01-22,2026-02-15 00:00:00.000000,8000.0,Buy,Stock,
"John Boozman
RepublicanSenateAR","Goldman Sachs ActiveBeta Emerging Markets Equity ETF
GEM:US","15 Feb
2026","22 Jan
2026",BUY,1K–15K,John Boozman,GEM,Goldman Sachs ActiveBeta Emerging Markets Equity ETF,2026-01-22,2026-02-15 00:00:00.000000,8000.0,Buy,Stock,
"John Boozman
RepublicanSenateAR","FIRST TR GLOBAL TACTICAL CMD
FTGC:US","15 Feb
2026","22 Jan
2026",BUY,1K–15K,John Boozman,FTGC,FIRST TR GLOBAL TACTICAL CMD,2026-01-22,2026-02-15 00:00:00.000000,8000.0,Buy,Stock,
"John Boozman
RepublicanSenateAR","FT EGY PARTNER ENHANCED ETF
EIPI:US","15 Feb
2026","22 Jan
2026",BUY,1K–15K,John Boozman,EIPI,FT EGY PARTNER ENHANCED ETF,2026-01-22,2026-02-15 00:00:00.000000,8000.0,Buy,Stock,
"John Boozman
RepublicanSenateAR","Exxon Mobil Corp
XOM:US","15 Feb
2026","7 Jan
2026",BUY,1K–15K,John Boozman,XOM,Exxon Mobil Corp,2026-01-07,2026-02-15 00:00:00.000000,8000.0,Buy,Stock,
"John Boozman
RepublicanSenateAR","Eaton Corp PLC
ETN:US","15 Feb
2026","28 Jan
2026",BUY,1K–15K,John Boozman,ETN,Eaton Corp PLC,2026-01-28,2026-02-15 00:00:00.000000,8000.0,Buy,Stock,
"John Boozman
RepublicanSenateAR","The Walt Disney Co
DIS:US","15 Feb
2026","7 Jan
2026",BUY,1K–15K,John Boozman,DIS,The Walt Disney Co,2026-01-07,2026-02-15 00:00:00.000000,8000.0,Buy,Stock,
"John Boozman
RepublicanSenateAR","DexCom Inc
DXCM:US","15 Feb
2026","25 Jan
2026",BUY,1K–15K,John Boozman,DXCM,DexCom Inc,2026-01-25,2026-02-15 00:00:00.000000,8000.0,Buy,Stock,
"John Boozman
RepublicanSenateAR","CVS Health Corp
CVS:US","15 Feb
2026","28 Jan
2026",BUY,1K–15K,John Boozman,CVS,CVS Health Corp,2026-01-28,2026-02-15 00:00:00.000000,8000.0,Buy,Stock,
"John Boozman
RepublicanSenateAR","Caterpillar Inc
CAT:US","15 Feb
2026","28 Jan
2026",BUY,1K–15K,John Boozman,CAT,Caterpillar Inc,2026-01-28,2026-02-15 00:00:00.000000,8000.0,Buy,Stock,
"John Boozman
RepublicanSenateAR","Apple Inc
AAPL:US","15 Feb
2026","14 Jan
2026",BUY,1K–15K,John Boozman,AAPL,Apple Inc,2026-01-14,2026-02-15 00:00:00.000000,8000.0,Buy,Stock,
"John Boozman
RepublicanSenateAR","Union Pacific Corp
UNP:US","15 Feb
2026","28 Jan
2026",SELL,1K–15K,John Boozman,UNP,Union Pacific Corp,2026-01-28,2026-02-15 00:00:00.000000,8000.0,Sell,Stock,
"John Boozman
RepublicanSenateAR","STATE STREET SPDR PORTFOLIO S&P 500 ETF
N/A","15 Feb
2026","22 Jan
2026",SELL,1K–15K,John Boozman,,STATE STREET SPDR PORTFOLIO S&P 500 ETF,2026-01-22,2026-02-15 00:00:00.000000,8000.0,Sell,Stock,
"John Boozman
RepublicanSenateAR","SPDR MidCap 400 ETF Trust
MDY:US","15 Feb
2026","22 Jan
2026",SELL,1K–15K,John Boozman,MDY,SPDR MidCap 400 ETF Trust,2026-01-22,2026-02-15 00:00:00.000000,8000.0,Sell,Stock,
"John Boozman
RepublicanSenateAR","Omnicom Group Inc
OMC:US","15 Feb
2026","28 Jan
2026",SELL,1K–15K,John Boozman,OMC,Omnicom Group Inc,2026-01-28,2026-02-15 00:00:00.000000,8000.0,Sell,Stock,
"John Boozman
RepublicanSenateAR","Omnicom Group Inc
OMC:US","15 Feb
2026","14 Jan
2026",SELL,1K–15K,John Boozman,OMC,Omnicom Group Inc,2026-01-14,2026-02-15 00:00:00.000000,8000.0,Sell,Stock,
"John Boozman
RepublicanSenateAR","Micron Technology Inc
MU:US","15 Feb
2026","25 Jan
2026",SELL,1K–15K,John Boozman,MU,Micron Technology Inc,2026-01-25,2026-02-15 00:00:00.000000,8000.0,Sell,Stock,
"John Boozman
RepublicanSenateAR","Micron Technology Inc
MU:US","15 Feb
2026","7 Jan
2026",SELL,1K–15K,John Boozman,MU,Micron Technology Inc,2026-01-07,2026-02-15 00:00:00.000000,8000.0,Sell,Stock,
"John Boozman
RepublicanSenateAR","Lam Research Corp
LRCX:US","15 Feb
2026","7 Jan
2026",SELL,1K–15K,John Boozman,LRCX,Lam Research Corp,2026-01-07,2026-02-15 00:00:00.000000,8000.0,Sell,Stock,
"John Boozman
RepublicanSenateAR","iShares S&P 500 Growth ETF
IVW:US","15 Feb
2026","28 Jan
2026",SELL,1K–15K,John Boozman,IVW,iShares S&P 500 Growth ETF,2026-01-28,2026-02-15 00:00:00.000000,8000.0,Sell,Stock,
"John Boozman
RepublicanSenateAR","iShares Trust - iShares Russell 2000 ETF
IWM:US","15 Feb
2026","22 Jan
2026",SELL,1K–15K,John Boozman,IWM,iShares Trust - iShares Russell 2000 ETF,2026-01-22,2026-02-15 00:00:00.000000,8000.0,Sell,Stock,
"John Boozman
RepublicanSenateAR","iShares Silver Trust
SLV:US","15 Feb
2026","22 Jan
2026",SELL,1K–15K,John Boozman,SLV,iShares Silver Trust,2026-01-22,2026-02-15 00:00:00.000000,8000.0,Sell,Stock,
"John Boozman
RepublicanSenateAR","Fiserv Inc
FISV:US","15 Feb
2026","28 Jan
2026",SELL,1K–15K,John Boozman,FISV,Fiserv Inc,2026-01-28,2026-02-15 00:00:00.000000,8000.0,Sell,Stock,
"John Boozman
RepublicanSenateAR","ABRDN PHYSICAL PLATIN SH ETF
PPLT:US","15 Feb
2026","22 Jan
2026",SELL,1K–15K,John Boozman,PPLT,ABRDN PHYSICAL PLATIN SH ETF,2026-01-22,2026-02-15 00:00:00.000000,8000.0,Sell,Stock,
"John Boozman
RepublicanSenateAR","ABRDN PHYSICAL PALLAD SH ETF
PALL:US","15 Feb
2026","22 Jan
2026",SELL,1K–15K,John Boozman,PALL,ABRDN PHYSICAL PALLAD SH ETF,2026-01-22,2026-02-15 00:00:00.000000,8000.0,Sell,Stock,
"Susan Collins
RepublicanSenateME","MAINE HEALTH AND HIGHER EDUCATIONAL FACILITIES AUTHORITY
N/A","13 Feb
2026","5 Jan
2026",BUY,50K–100K,Susan Collins,,MAINE HEALTH AND HIGHER EDUCATIONAL FACILITIES AUTHORITY,2026-01-05,2026-02-13 00:00:00.000000,75000.0,Buy,Stock,
"Byron Donalds
RepublicanHouseFL","BITCOIN
$BTC","13 Feb
2026","7 Jan
2026",BUY,1K–15K,Byron Donalds,$BTC,BITCOIN,2026-01-07,2026-02-13 00:00:00.000000,8000.0,Buy,Stock,
"Byron Donalds
RepublicanHouseFL","Howmet Aerospace Inc
HWM:US","13 Feb
2026","7 Jan
2026",SELL,1K–15K,Byron Donalds,HWM,Howmet Aerospace Inc,2026-01-07,2026-02-13 00:00:00.000000,8000.0,Sell,Stock,
"Byron Donalds
RepublicanHouseFL","Parker-Hannifin Corp
PH:US","13 Feb
2026","7 Jan
2026",SELL,1K–15K,Byron Donalds,PH,Parker-Hannifin Corp,2026-01-07,2026-02-13 00:00:00.000000,8000.0,Sell,Stock,
"Byron Donalds
RepublicanHouseFL","The Trade Desk Inc
TTD:US","13 Feb
2026","7 Jan
2026",SELL,1K–15K,Byron Donalds,TTD,The Trade Desk Inc,2026-01-07,2026-02-13 00:00:00.000000,8000.0,Sell,Stock,
"Mike Kelly
RepublicanHousePA","FLORIDA HOUSING FINANCE CORP.
N/A","13 Feb
2026","1 Jan
2026",SELL,1K–15K,Mike Kelly,,FLORIDA HOUSING FINANCE CORP.,2026-01-01,2026-02-13 00:00:00.000000,8000.0,Sell,Stock,
"Mike Kelly
RepublicanHousePA","NORTH TEXAS TOLLWAY AUTHORITY
N/A","13 Feb
2026","19 Jan
2026",BUY,15K–50K,Mike Kelly,,NORTH TEXAS TOLLWAY AUTHORITY,2026-01-19,2026-02-13 00:00:00.000000,32500.0,Buy,Stock,
"Richard Blumenthal
DemocratSenateCT","KIRKOSWALD GLOBAL MACRO FUND LP
N/A","12 Feb
2026","15 Jan
2026",SELL,15K–50K,Richard Blumenthal,,KIRKOSWALD GLOBAL MACRO FUND LP,2026-01-15,2026-02-12 00:00:00.000000,32500.0,Sell,Stock,
"Richard Blumenthal
DemocratSenateCT","KIRKOSWALD GLOBAL MACRO FUND LP
N/A","12 Feb
2026","15 Jan
2026",SELL,50K–100K,Richard Blumenthal,,KIRKOSWALD GLOBAL MACRO FUND LP,2026-01-15,2026-02-12 00:00:00.000000,75000.0,Sell,Stock,
"Richard Blumenthal
DemocratSenateCT","3G RADAR PRIVATE FUND I LP
N/A","12 Feb
2026","7 Jan
2026",SELL,1K–15K,Richard Blumenthal,,3G RADAR PRIVATE FUND I LP,2026-01-07,2026-02-12 00:00:00.000000,8000.0,Sell,Stock,
"Richard Blumenthal
DemocratSenateCT","ELCM2 LLC
N/A","12 Feb
2026","8 Jan
2026",SELL,15K–50K,Richard Blumenthal,,ELCM2 LLC,2026-01-08,2026-02-12 00:00:00.000000,32500.0,Sell,Stock,
"Richard Blumenthal
DemocratSenateCT","ELCM2 LLC
N/A","12 Feb
2026","15 Jan
2026",BUY,15K–50K,Richard Blumenthal,,ELCM2 LLC,2026-01-15,2026-02-12 00:00:00.000000,32500.0,Buy,Stock,
"Richard Blumenthal
DemocratSenateCT","ELCM2 LLC
N/A","12 Feb
2026","8 Jan
2026",SELL,100K–250K,Richard Blumenthal,,ELCM2 LLC,2026-01-08,2026-02-12 00:00:00.000000,175000.0,Sell,Stock,
"Richard Blumenthal
DemocratSenateCT","NOT FADE AWAY LLC
N/A","12 Feb
2026","20 Jan
2026",BUY,15K–50K,Richard Blumenthal,,NOT FADE AWAY LLC,2026-01-20,2026-02-12 00:00:00.000000,32500.0,Buy,Stock,
"Richard Blumenthal
DemocratSenateCT","MH BUILT TO LAST LLC
N/A","12 Feb
2026","26 Jan
2026",BUY,15K–50K,Richard Blumenthal,,MH BUILT TO LAST LLC,2026-01-26,2026-02-12 00:00:00.000000,32500.0,Buy,Stock,
"Richard Blumenthal
DemocratSenateCT","MH BUILT TO LAST LLC
N/A","12 Feb
2026","27 Jan
2026",SELL,250K–500K,Richard Blumenthal,,MH BUILT TO LAST LLC,2026-01-27,2026-02-12 00:00:00.000000,375000.0,Sell,Stock,
"Richard Blumenthal
DemocratSenateCT","MH BUILT TO LAST LLC
N/A","12 Feb
2026","27 Jan
2026",SELL,50K–100K,Richard Blumenthal,,MH BUILT TO LAST LLC,2026-01-27,2026-02-12 00:00:00.000000,75000.0,Sell,Stock,
"Richard Blumenthal
DemocratSenateCT","KIRKOSWALD GLOBAL MACRO FUND LP
N/A","12 Feb
2026","15 Jan
2026",SELL,250K–500K,Richard Blumenthal,,KIRKOSWALD GLOBAL MACRO FUND LP,2026-01-15,2026-02-12 00:00:00.000000,375000.0,Sell,Stock,
"Richard Blumenthal
DemocratSenateCT","ELCM2 LLC
N/A","12 Feb
2026","15 Jan
2026",BUY,1K–15K,Richard Blumenthal,,ELCM2 LLC,2026-01-15,2026-02-12 00:00:00.000000,8000.0,Buy,Stock,
"Richard Blumenthal
DemocratSenateCT","MH NORTHBOUND TRAIN LLC
N/A","12 Feb
2026","21 Jan
2026",BUY,1K–15K,Richard Blumenthal,,MH NORTHBOUND TRAIN LLC,2026-01-21,2026-02-12 00:00:00.000000,8000.0,Buy,Stock,
"Richard Blumenthal
DemocratSenateCT","MH BUILT TO LAST LLC
N/A","12 Feb
2026","27 Jan
2026",SELL,100K–250K,Richard Blumenthal,,MH BUILT TO LAST LLC,2026-01-27,2026-02-12 00:00:00.000000,175000.0,Sell,Stock,
"Richard Blumenthal
DemocratSenateCT","ELCM2 LLC
N/A","12 Feb
2026","8 Jan
2026",SELL,1K–15K,Richard Blumenthal,,ELCM2 LLC,2026-01-08,2026-02-12 00:00:00.000000,8000.0,Sell,Stock,
"Richard Blumenthal
DemocratSenateCT","NOT FADE AWAY LLC
N/A","12 Feb
2026","20 Jan
2026",BUY,1K–15K,Richard Blumenthal,,NOT FADE AWAY LLC,2026-01-20,2026-02-12 00:00:00.000000,8000.0,Buy,Stock,
"Richard Blumenthal
DemocratSenateCT","MH BUILT TO LAST LLC
N/A","12 Feb
2026","27 Jan
2026",SELL,15K–50K,Richard Blumenthal,,MH BUILT TO LAST LLC,2026-01-27,2026-02-12 00:00:00.000000,32500.0,Sell,Stock,
"August Pfluger
RepublicanHouseTX","Fidelity National Financial Inc FNF Group
FNF:US","12 Feb
2026","11 Jan
2026",SELL,1K–15K,August Pfluger,FNF,Fidelity National Financial Inc FNF Group,2026-01-11,2026-02-12 00:00:00.000000,8000.0,Sell,Stock,
"August Pfluger
RepublicanHouseTX","Sirius XM Holdings Inc
SIRI:US","12 Feb
2026","12 Jan
2026",SELL,1K–15K,August Pfluger,SIRI,Sirius XM Holdings Inc,2026-01-12,2026-02-12 00:00:00.000000,8000.0,Sell,Stock,
"Lisa McClain
RepublicanHouseMI","Apptronik Inc
N/A","12 Feb
2026","11 Jan
2026",BUY,50K–100K,Lisa McClain,,Apptronik Inc,2026-01-11,2026-02-12 00:00:00.000000,75000.0,Buy,Stock,
"Michael McCaul
RepublicanHouseTX","FTI Consulting Inc
FCN:US","12 Feb
2026","20 Jan
2026",BUY,100K–250K,Michael McCaul,FCN,FTI Consulting Inc,2026-01-20,2026-02-12 00:00:00.000000,175000.0,Buy,Stock,
"Michael McCaul
RepublicanHouseTX","LINDEN STRUCTURED CAPITAL FUND II
N/A","12 Feb
2026","18 Jan
2026",BUY,50K–100K,Michael McCaul,,LINDEN STRUCTURED CAPITAL FUND II,2026-01-18,2026-02-12 00:00:00.000000,75000.0,Buy,Stock,
"Michael McCaul
RepublicanHouseTX","International Flavors & Fragrances Inc
IFF:US","12 Feb
2026","14 Jan
2026",BUY,50K–100K,Michael McCaul,IFF,International Flavors & Fragrances Inc,2026-01-14,2026-02-12 00:00:00.000000,75000.0,Buy,Stock,
"Michael McCaul
RepublicanHouseTX","MercadoLibre Inc
MELI:US","12 Feb
2026","12 Jan
2026",BUY,15K–50K,Michael McCaul,MELI,MercadoLibre Inc,2026-01-12,2026-02-12 00:00:00.000000,32500.0,Buy,Stock,
"Michael McCaul
RepublicanHouseTX","Insight Enterprises Inc
NSIT:US","12 Feb
2026","27 Jan
2026",BUY,15K–50K,Michael McCaul,NSIT,Insight Enterprises Inc,2026-01-27,2026-02-12 00:00:00.000000,32500.0,Buy,Stock,
"Michael McCaul
RepublicanHouseTX","Netflix Inc
NFLX:US","12 Feb
2026","29 Jan
2026",BUY,15K–50K,Michael McCaul,NFLX,Netflix Inc,2026-01-29,2026-02-12 00:00:00.000000,32500.0,Buy,Stock,
"Michael McCaul
RepublicanHouseTX","MAYS ALLOCATE LP
N/A","12 Feb
2026","29 Jan
2026",BUY,15K–50K,Michael McCaul,,MAYS ALLOCATE LP,2026-01-29,2026-02-12 00:00:00.000000,32500.0,Buy,Stock,
"Michael McCaul
RepublicanHouseTX","MAYS ALLOCATE LP
N/A","12 Feb
2026","21 Jan
2026",BUY,15K–50K,Michael McCaul,,MAYS ALLOCATE LP,2026-01-21,2026-02-12 00:00:00.000000,32500.0,Buy,Stock,
"Michael McCaul
RepublicanHouseTX","BDT CAPITAL PARTNERS FUND 4 LP
N/A","12 Feb
2026","20 Jan
2026",BUY,15K–50K,Michael McCaul,,BDT CAPITAL PARTNERS FUND 4 LP,2026-01-20,2026-02-12 00:00:00.000000,32500.0,Buy,Stock,
"Michael McCaul
RepublicanHouseTX","Pure Storage Inc
PSTG:US","12 Feb
2026","28 Jan
2026",BUY,15K–50K,Michael McCaul,PSTG,Pure Storage Inc,2026-01-28,2026-02-12 00:00:00.000000,32500.0,Buy,Stock,
"Michael McCaul
RepublicanHouseTX","SAP SE
SAP:US","12 Feb
2026","29 Jan
2026",BUY,1K–15K,Michael McCaul,SAP,SAP SE,2026-01-29,2026-02-12 00:00:00.000000,8000.0,Buy,Stock,
"Michael McCaul
RepublicanHouseTX","Intuit Inc
INTU:US","12 Feb
2026","29 Jan
2026",BUY,1K–15K,Michael McCaul,INTU,Intuit Inc,2026-01-29,2026-02-12 00:00:00.000000,8000.0,Buy,Stock,
"Michael McCaul
RepublicanHouseTX","Workday Inc
WDAY:US","12 Feb
2026","29 Jan
2026",BUY,1K–15K,Michael McCaul,WDAY,Workday Inc,2026-01-29,2026-02-12 00:00:00.000000,8000.0,Buy,Stock,
"Michael McCaul
RepublicanHouseTX","MAYS ALLOCATE LP
N/A","12 Feb
2026","8 Jan
2026",BUY,1K–15K,Michael McCaul,,MAYS ALLOCATE LP,2026-01-08,2026-02-12 00:00:00.000000,8000.0,Buy,Stock,
"Michael McCaul
RepublicanHouseTX","SAP SE
SAP:US","12 Feb
2026","12 Jan
2026",BUY,1K–15K,Michael McCaul,SAP,SAP SE,2026-01-12,2026-02-12 00:00:00.000000,8000.0,Buy,Stock,
"Michael McCaul
RepublicanHouseTX","MercadoLibre Inc
MELI:US","12 Feb
2026","25 Jan
2026",BUY,1K–15K,Michael McCaul,MELI,MercadoLibre Inc,2026-01-25,2026-02-12 00:00:00.000000,8000.0,Buy,Stock,
"Michael McCaul
RepublicanHouseTX","Microsoft Corp
MSFT:US","12 Feb
2026","29 Jan
2026",BUY,1K–15K,Michael McCaul,MSFT,Microsoft Corp,2026-01-29,2026-02-12 00:00:00.000000,8000.0,Buy,Stock,
"Michael McCaul
RepublicanHouseTX","MAYS ALLOCATE LP
N/A","12 Feb
2026","13 Jan
2026",BUY,1K–15K,Michael McCaul,,MAYS ALLOCATE LP,2026-01-13,2026-02-12 00:00:00.000000,8000.0,Buy,Stock,
"Michael McCaul
RepublicanHouseTX","MercadoLibre Inc
MELI:US","12 Feb
2026","29 Jan
2026",BUY,1K–15K,Michael McCaul,MELI,MercadoLibre Inc,2026-01-29,2026-02-12 00:00:00.000000,8000.0,Buy,Stock,
"Michael McCaul
RepublicanHouseTX","Comcast Corp
CMCSA:US","12 Feb
2026","12 Jan
2026",BUY,1K–15K,Michael McCaul,CMCSA,Comcast Corp,2026-01-12,2026-02-12 00:00:00.000000,8000.0,Buy,Stock,
"Michael McCaul
RepublicanHouseTX","HPS SPECIAL SITUATIONS OPPORTUNITY FUND II LP
N/A","12 Feb
2026","21 Jan
2026",BUY,1K–15K,Michael McCaul,,HPS SPECIAL SITUATIONS OPPORTUNITY FUND II LP,2026-01-21,2026-02-12 00:00:00.000000,8000.0,Buy,Stock,
"Michael McCaul
RepublicanHouseTX","BDT SUNRISE HOLDINGS LLC
N/A","12 Feb
2026","20 Jan
2026",BUY,1K–15K,Michael McCaul,,BDT SUNRISE HOLDINGS LLC,2026-01-20,2026-02-12 00:00:00.000000,8000.0,Buy,Stock,
"Michael McCaul
RepublicanHouseTX","VERSANT MEDIA GROUP INC
N/A","12 Feb
2026","12 Jan
2026",SELL,1K–15K,Michael McCaul,,VERSANT MEDIA GROUP INC,2026-01-12,2026-02-12 00:00:00.000000,8000.0,Sell,Stock,
"Michael McCaul
RepublicanHouseTX","ASML Holding NV
ASML:US","12 Feb
2026","29 Jan
2026",SELL,1K–15K,Michael McCaul,ASML,ASML Holding NV,2026-01-29,2026-02-12 00:00:00.000000,8000.0,Sell,Stock,
"Michael McCaul
RepublicanHouseTX","AerCap Holdings NV
AER:US","12 Feb
2026","12 Jan
2026",SELL,1K–15K,Michael McCaul,AER,AerCap Holdings NV,2026-01-12,2026-02-12 00:00:00.000000,8000.0,Sell,Stock,
"Michael McCaul
RepublicanHouseTX","Woodward Inc
WWD:US","12 Feb
2026","13 Jan
2026",SELL,1K–15K,Michael McCaul,WWD,Woodward Inc,2026-01-13,2026-02-12 00:00:00.000000,8000.0,Sell,Stock,
"Michael McCaul
RepublicanHouseTX","ASML Holding NV
ASML:US","12 Feb
2026","25 Jan
2026",SELL,1K–15K,Michael McCaul,ASML,ASML Holding NV,2026-01-25,2026-02-12 00:00:00.000000,8000.0,Sell,Stock,
"Michael McCaul
RepublicanHouseTX","ASML Holding NV
ASML:US","12 Feb
2026","14 Jan
2026",SELL,1K–15K,Michael McCaul,ASML,ASML Holding NV,2026-01-14,2026-02-12 00:00:00.000000,8000.0,Sell,Stock,
"Michael McCaul
RepublicanHouseTX","Alcoa Corp
AA:US","12 Feb
2026","12 Jan
2026",SELL,1K–15K,Michael McCaul,AA,Alcoa Corp,2026-01-12,2026-02-12 00:00:00.000000,8000.0,Sell,Stock,
"Michael McCaul
RepublicanHouseTX","ASML Holding NV
ASML:US","12 Feb
2026","12 Jan
2026",SELL,1K–15K,Michael McCaul,ASML,ASML Holding NV,2026-01-12,2026-02-12 00:00:00.000000,8000.0,Sell,Stock,
"Michael McCaul
RepublicanHouseTX","Pinterest Inc
PINS:US","12 Feb
2026","28 Jan
2026",SELL,15K–50K,Michael McCaul,PINS,Pinterest Inc,2026-01-28,2026-02-12 00:00:00.000000,32500.0,Sell,Stock,
"Michael McCaul
RepublicanHouseTX","HENRY SCHEIN Inc
HSIC:US","12 Feb
2026","8 Jan
2026",SELL,15K–50K,Michael McCaul,HSIC,HENRY SCHEIN Inc,2026-01-08,2026-02-12 00:00:00.000000,32500.0,Sell,Stock,
"Michael McCaul
RepublicanHouseTX","Arrow Electronics Inc
ARW:US","12 Feb
2026","26 Jan
2026",SELL,50K–100K,Michael McCaul,ARW,Arrow Electronics Inc,2026-01-26,2026-02-12 00:00:00.000000,75000.0,Sell,Stock,
"Michael McCaul
RepublicanHouseTX","Plexus Corp
PLXS:US","12 Feb
2026","20 Jan
2026",SELL,50K–100K,Michael McCaul,PLXS,Plexus Corp,2026-01-20,2026-02-12 00:00:00.000000,75000.0,Sell,Stock,
"Michael McCaul
RepublicanHouseTX","NORTH CAROLINA TURNPIKE AUTHORITY
N/A","12 Feb
2026","1 Jan
2026",SELL,100K–250K,Michael McCaul,,NORTH CAROLINA TURNPIKE AUTHORITY,2026-01-01,2026-02-12 00:00:00.000000,175000.0,Sell,Stock,
"Michael McCaul
RepublicanHouseTX","CITY OF SAN ANTONIO TEXAS
N/A","12 Feb
2026","4 Jan
2026",SELL,100K–250K,Michael McCaul,,CITY OF SAN ANTONIO TEXAS,2026-01-04,2026-02-12 00:00:00.000000,175000.0,Sell,Stock,
"Michael McCaul
RepublicanHouseTX","AUSTIN TEXAS UTILITIES AUTHORITY
N/A","12 Feb
2026","5 Jan
2026",SELL,250K–500K,Michael McCaul,,AUSTIN TEXAS UTILITIES AUTHORITY,2026-01-05,2026-02-12 00:00:00.000000,375000.0,Sell,Stock,
"Michael McCaul
RepublicanHouseTX","NORTHERN TRUST INTERMEDI ETF
N/A","12 Feb
2026","19 Jan
2026",SELL,250K–500K,Michael McCaul,,NORTHERN TRUST INTERMEDI ETF,2026-01-19,2026-02-12 00:00:00.000000,375000.0,Sell,Stock,
"Michael McCaul
RepublicanHouseTX","International Flavors & Fragrances Inc
IFF:US","12 Feb
2026","12 Jan
2026",BUY,100K–250K,Michael McCaul,IFF,International Flavors & Fragrances Inc,2026-01-12,2026-02-12 00:00:00.000000,175000.0,Buy,Stock,
"Michael McCaul
RepublicanHouseTX","Baxter International Inc
BAX:US","12 Feb
2026","12 Jan
2026",BUY,50K–100K,Michael McCaul,BAX,Baxter International Inc,2026-01-12,2026-02-12 00:00:00.000000,75000.0,Buy,Stock,
"Michael McCaul
RepublicanHouseTX","Genuine Parts Co
GPC:US","12 Feb
2026","7 Jan
2026",BUY,15K–50K,Michael McCaul,GPC,Genuine Parts Co,2026-01-07,2026-02-12 00:00:00.000000,32500.0,Buy,Stock,
"Michael McCaul
RepublicanHouseTX","CVS Health Corp
CVS:US","12 Feb
2026","12 Jan
2026",SELL,15K–50K,Michael McCaul,CVS,CVS Health Corp,2026-01-12,2026-02-12 00:00:00.000000,32500.0,Sell,Stock,
"Michael McCaul
RepublicanHouseTX","Merck & Co Inc
MRK:US","12 Feb
2026","12 Jan
2026",SELL,15K–50K,Michael McCaul,MRK,Merck & Co Inc,2026-01-12,2026-02-12 00:00:00.000000,32500.0,Sell,Stock,
"Michael McCaul
RepublicanHouseTX","Dollar Tree Inc
DLTR:US","12 Feb
2026","12 Jan
2026",SELL,100K–250K,Michael McCaul,DLTR,Dollar Tree Inc,2026-01-12,2026-02-12 00:00:00.000000,175000.0,Sell,Stock,
"Michael McCaul
RepublicanHouseTX","Vanguard S&P 500 ETF
VOO:US","12 Feb
2026","25 Jan
2026",SELL,1K–15K,Michael McCaul,VOO,Vanguard S&P 500 ETF,2026-01-25,2026-02-12 00:00:00.000000,8000.0,Sell,Stock,
"Michael McCaul
RepublicanHouseTX","Vanguard S&P 500 ETF
VOO:US","12 Feb
2026","22 Jan
2026",SELL,1K–15K,Michael McCaul,VOO,Vanguard S&P 500 ETF,2026-01-22,2026-02-12 00:00:00.000000,8000.0,Sell,Stock,
"Michael McCaul
RepublicanHouseTX","VANGUARD LONG TERM TAX EXEMPT FUND
VWLUX:US","12 Feb
2026","1 Jan
2026",BUY,1K–15K,Michael McCaul,VWLUX,VANGUARD LONG TERM TAX EXEMPT FUND,2026-01-01,2026-02-12 00:00:00.000000,8000.0,Buy,Stock,
"Michael McCaul
RepublicanHouseTX","Vanguard S&P 500 ETF
VOO:US","12 Feb
2026","15 Jan
2026",SELL,1K–15K,Michael McCaul,VOO,Vanguard S&P 500 ETF,2026-01-15,2026-02-12 00:00:00.000000,8000.0,Sell,Stock,
"John McGuire
RepublicanHouseVA","Microsoft Corp
MSFT:US","11 Feb
2026","20 Jan
2026",BUY,1K–15K,John McGuire,MSFT,Microsoft Corp,2026-01-20,2026-02-11 00:00:00.000000,8000.0,Buy,Stock,
"John McGuire
RepublicanHouseVA","Microsoft Corp
MSFT:US","11 Feb
2026","29 Jan
2026",SELL,1K–15K,John McGuire,MSFT,Microsoft Corp,2026-01-29,2026-02-11 00:00:00.000000,8000.0,Sell,Stock,
"John McGuire
RepublicanHouseVA","NVIDIA Corporation
NVDA:US","11 Feb
2026","29 Jan
2026",BUY,1K–15K,John McGuire,NVDA,NVIDIA Corporation,2026-01-29,2026-02-11 00:00:00.000000,8000.0,Buy,Stock,
"John McGuire
RepublicanHouseVA","Walmart Inc
WMT:US","11 Feb
2026","19 Jan
2026",SELL,1K–15K,John McGuire,WMT,Walmart Inc,2026-01-19,2026-02-11 00:00:00.000000,8000.0,Sell,Stock,
"Steve Cohen
DemocratHouseTN","Sony Group Corporation
SONY:US","10 Feb
2026","25 Dec
2025",BUY,1K–15K,Steve Cohen,SONY,Sony Group Corporation,2025-12-25,2026-02-10 00:00:00.000000,8000.0,Buy,Stock,
"Chuck Fleischmann
RepublicanHouseTN","iShares 10-20 Year Treasury Bond ETF
TLH:US","10 Feb
2026","27 Jan
2026",BUY,1K–15K,Chuck Fleischmann,TLH,iShares 10-20 Year Treasury Bond ETF,2026-01-27,2026-02-10 00:00:00.000000,8000.0,Buy,Stock,
"Chuck Fleischmann
RepublicanHouseTN","ISHARES MSCI GBL METLS & MNG
PICK:US","10 Feb
2026","27 Jan
2026",BUY,1K–15K,Chuck Fleischmann,PICK,ISHARES MSCI GBL METLS & MNG,2026-01-27,2026-02-10 00:00:00.000000,8000.0,Buy,Stock,
"Chuck Fleischmann
RepublicanHouseTN","Proshares Trust - ProShares S&P MidCap 400 Dividend Aristocrats ETF
REGL:US","10 Feb
2026","27 Jan
2026",SELL,1K–15K,Chuck Fleischmann,REGL,Proshares Trust - ProShares S&P MidCap 400 Dividend Aristocrats ETF,2026-01-27,2026-02-10 00:00:00.000000,8000.0,Sell,Stock,
"Chuck Fleischmann
RepublicanHouseTN","STATE STREET SPDR MOT BKD BD
SPMB:US","10 Feb
2026","27 Jan
2026",BUY,1K–15K,Chuck Fleischmann,SPMB,STATE STREET SPDR MOT BKD BD,2026-01-27,2026-02-10 00:00:00.000000,8000.0,Buy,Stock,
"Chuck Fleischmann
RepublicanHouseTN","SPDR Series Trust - SPDR Portfolio S&P 500 Value ETF
SPYV:US","10 Feb
2026","27 Jan
2026",BUY,1K–15K,Chuck Fleischmann,SPYV,SPDR Series Trust - SPDR Portfolio S&P 500 Value ETF,2026-01-27,2026-02-10 00:00:00.000000,8000.0,Buy,Stock,
"Chuck Fleischmann
RepublicanHouseTN","SPDR S&P 400 Mid Cap Growth ETF
MDYG:US","10 Feb
2026","27 Jan
2026",SELL,1K–15K,Chuck Fleischmann,MDYG,SPDR S&P 400 Mid Cap Growth ETF,2026-01-27,2026-02-10 00:00:00.000000,8000.0,Sell,Stock,
"Chuck Fleischmann
RepublicanHouseTN","SPDR S&P 400 Mid Cap Value ETF
MDYV:US","10 Feb
2026","27 Jan
2026",SELL,1K–15K,Chuck Fleischmann,MDYV,SPDR S&P 400 Mid Cap Value ETF,2026-01-27,2026-02-10 00:00:00.000000,8000.0,Sell,Stock,
"Chuck Fleischmann
RepublicanHouseTN","VanEck Vectors ETF Trust VanEck Vectors Gold Miners ETF
GDX:US","10 Feb
2026","27 Jan
2026",BUY,1K–15K,Chuck Fleischmann,GDX,VanEck Vectors ETF Trust VanEck Vectors Gold Miners ETF,2026-01-27,2026-02-10 00:00:00.000000,8000.0,Buy,Stock,
"Chuck Fleischmann
RepublicanHouseTN","SPDR GOLD MINISHARES TR
GLDM:US","10 Feb
2026","27 Jan
2026",SELL,1K–15K,Chuck Fleischmann,GLDM,SPDR GOLD MINISHARES TR,2026-01-27,2026-02-10 00:00:00.000000,8000.0,Sell,Stock,
"Virginia Foxx
RepublicanHouseNC","Hercules Capital Inc
HTGC:US","9 Feb
2026","11 Jan
2026",SELL,50K–100K,Virginia Foxx,HTGC,Hercules Capital Inc,2026-01-11,2026-02-09 00:00:00.000000,75000.0,Sell,Stock,
"Virginia Foxx
RepublicanHouseNC","Public Storage
PSA:US","9 Feb
2026","11 Jan
2026",SELL,1K–15K,Virginia Foxx,PSA,Public Storage,2026-01-11,2026-02-09 00:00:00.000000,8000.0,Sell,Stock,
"Bill Keating
DemocratHouseMA","US TREASURY BILLS
N/A","9 Feb
2026","7 Jan
2026",BUY,1K–15K,Bill Keating,,US TREASURY BILLS,2026-01-07,2026-02-09 00:00:00.000000,8000.0,Buy,Stock,
"Bill Keating
DemocratHouseMA","US TREASURY BILLS
N/A","9 Feb
2026","25 Jan
2026",BUY,1K–15K,Bill Keating,,US TREASURY BILLS,2026-01-25,2026-02-09 00:00:00.000000,8000.0,Buy,Stock,
"John Hickenlooper
DemocratSenateCO","Lowe's Cos Inc
LOW:US","6 Feb
2026","13 Jan
2026",SELL,50K–100K,John Hickenlooper,LOW,Lowe's Cos Inc,2026-01-13,2026-02-06 00:00:00.000000,75000.0,Sell,Stock,
"John Hickenlooper
DemocratSenateCO","The TJX Companies Inc
TJX:US","6 Feb
2026","13 Jan
2026",SELL,50K–100K,John Hickenlooper,TJX,The TJX Companies Inc,2026-01-13,2026-02-06 00:00:00.000000,75000.0,Sell,Stock,
"John Hickenlooper
DemocratSenateCO","Eaton Corp PLC
ETN:US","6 Feb
2026","13 Jan
2026",BUY,50K–100K,John Hickenlooper,ETN,Eaton Corp PLC,2026-01-13,2026-02-06 00:00:00.000000,75000.0,Buy,Stock,
"John Hickenlooper
DemocratSenateCO","Uber Technologies Inc
UBER:US","6 Feb
2026","13 Jan
2026",BUY,100K–250K,John Hickenlooper,UBER,Uber Technologies Inc,2026-01-13,2026-02-06 00:00:00.000000,175000.0,Buy,Stock,
"Sheri Biggs
RepublicanHouseSC","The Bank of Nova Scotia
BNS:US","6 Feb
2026","30 Dec
2025",BUY,50K–100K,Sheri Biggs,BNS,The Bank of Nova Scotia,2025-12-30,2026-02-06 00:00:00.000000,75000.0,Buy,Stock,
"Sheri Biggs
RepublicanHouseSC","BNP Paribas
BNPQY:US","6 Feb
2026","30 Dec
2025",BUY,50K–100K,Sheri Biggs,BNPQY,BNP Paribas,2025-12-30,2026-02-06 00:00:00.000000,75000.0,Buy,Stock,
"Sheri Biggs
RepublicanHouseSC","COATUE INNOVATION FUND
N/A","6 Feb
2026","25 Dec
2025",BUY,250K–500K,Sheri Biggs,,COATUE INNOVATION FUND,2025-12-25,2026-02-06 00:00:00.000000,375000.0,Buy,Stock,
"Sheri Biggs
RepublicanHouseSC","OAKTREE STRATEGIC CREDIT FUND A (CAYMAN) LP
N/A","6 Feb
2026","29 Dec
2025",BUY,1K–15K,Sheri Biggs,,OAKTREE STRATEGIC CREDIT FUND A (CAYMAN) LP,2025-12-29,2026-02-06 00:00:00.000000,8000.0,Buy,Stock,
"Sheri Biggs
RepublicanHouseSC","ICAPITAL SL PARTNERS VII ACCESS FUND LP
N/A","6 Feb
2026","25 Dec
2025",BUY,50K–100K,Sheri Biggs,,ICAPITAL SL PARTNERS VII ACCESS FUND LP,2025-12-25,2026-02-06 00:00:00.000000,75000.0,Buy,Stock,
"Sheri Biggs
RepublicanHouseSC","US TREASURY NOTE
N/A","6 Feb
2026","21 Dec
2025",SELL,1K–15K,Sheri Biggs,,US TREASURY NOTE,2025-12-21,2026-02-06 00:00:00.000000,8000.0,Sell,Stock,
"Shelley Moore Capito
RepublicanSenateWV","Starbucks Corp
SBUX:US","5 Feb
2026","27 Jan
2026",SELL,1K–15K,Shelley Moore Capito,SBUX,Starbucks Corp,2026-01-27,2026-02-05 00:00:00.000000,8000.0,Sell,Stock,
"Kelly Morrison
DemocratHouseMN","SYGALDRY TECHNOLOGIES INC
N/A","5 Feb
2026","28 Jan
2026",BUY,15K–50K,Kelly Morrison,,SYGALDRY TECHNOLOGIES INC,2026-01-28,2026-02-05 00:00:00.000000,32500.0,Buy,Stock,
"Kelly Morrison
DemocratHouseMN","VARDA SPACE INDUSTRIES INC
N/A","5 Feb
2026","19 Jan
2026",BUY,15K–50K,Kelly Morrison,,VARDA SPACE INDUSTRIES INC,2026-01-19,2026-02-05 00:00:00.000000,32500.0,Buy,Stock,
"Markwayne Mullin
RepublicanSenateOK","UNIVERSITY OF HOUSTON
N/A","4 Feb
2026","19 Jan
2026",SELL,15K–50K,Markwayne Mullin,,UNIVERSITY OF HOUSTON,2026-01-19,2026-02-04 00:00:00.000000,32500.0,Sell,Stock,
"Markwayne Mullin
RepublicanSenateOK","MACOMB INTERMEDIATE SCHOOL DISTRICT
N/A","4 Feb
2026","19 Jan
2026",SELL,1K–15K,Markwayne Mullin,,MACOMB INTERMEDIATE SCHOOL DISTRICT,2026-01-19,2026-02-04 00:00:00.000000,8000.0,Sell,Stock,
"Markwayne Mullin
RepublicanSenateOK","PORT OF SEATTLE WASHINGTON
N/A","4 Feb
2026","19 Jan
2026",SELL,50K–100K,Markwayne Mullin,,PORT OF SEATTLE WASHINGTON,2026-01-19,2026-02-04 00:00:00.000000,75000.0,Sell,Stock,
"Markwayne Mullin
RepublicanSenateOK","COOK COUNTY ILLINOIS SCHOOL DISTRICTS
N/A","4 Feb
2026","20 Jan
2026",SELL,1K–15K,Markwayne Mullin,,COOK COUNTY ILLINOIS SCHOOL DISTRICTS,2026-01-20,2026-02-04 00:00:00.000000,8000.0,Sell,Stock,
"Markwayne Mullin
RepublicanSenateOK","VSE CORP
N/A","4 Feb
2026","4 Jan
2026",BUY,15K–50K,Markwayne Mullin,,VSE CORP,2026-01-04,2026-02-04 00:00:00.000000,32500.0,Buy,Stock,
"Markwayne Mullin
RepublicanSenateOK","Monolithic Power Systems Inc
MPWR:US","4 Feb
2026","4 Jan
2026",BUY,15K–50K,Markwayne Mullin,MPWR,Monolithic Power Systems Inc,2026-01-04,2026-02-04 00:00:00.000000,32500.0,Buy,Stock,
"Markwayne Mullin
RepublicanSenateOK","McKesson Corp
MCK:US","4 Feb
2026","4 Jan
2026",BUY,15K–50K,Markwayne Mullin,MCK,McKesson Corp,2026-01-04,2026-02-04 00:00:00.000000,32500.0,Buy,Stock,
"Markwayne Mullin
RepublicanSenateOK","Stride Inc
LRN:US","4 Feb
2026","4 Jan
2026",BUY,15K–50K,Markwayne Mullin,LRN,Stride Inc,2026-01-04,2026-02-04 00:00:00.000000,32500.0,Buy,Stock,
"Markwayne Mullin
RepublicanSenateOK","FirstCash Holdings Inc
FCFS:US","4 Feb
2026","4 Jan
2026",BUY,15K–50K,Markwayne Mullin,FCFS,FirstCash Holdings Inc,2026-01-04,2026-02-04 00:00:00.000000,32500.0,Buy,Stock,
"Markwayne Mullin
RepublicanSenateOK","Carpenter Technology Corp
CRS:US","4 Feb
2026","4 Jan
2026",BUY,15K–50K,Markwayne Mullin,CRS,Carpenter Technology Corp,2026-01-04,2026-02-04 00:00:00.000000,32500.0,Buy,Stock,
"Markwayne Mullin
RepublicanSenateOK","Citigroup Inc
C:US","4 Feb
2026","4 Jan
2026",BUY,15K–50K,Markwayne Mullin,C,Citigroup Inc,2026-01-04,2026-02-04 00:00:00.000000,32500.0,Buy,Stock,
"Markwayne Mullin
RepublicanSenateOK","APi Group Corp
APG:US","4 Feb
2026","4 Jan
2026",BUY,15K–50K,Markwayne Mullin,APG,APi Group Corp,2026-01-04,2026-02-04 00:00:00.000000,32500.0,Buy,Stock,
"Markwayne Mullin
RepublicanSenateOK","Amkor Technology Inc
AMKR:US","4 Feb
2026","4 Jan
2026",BUY,15K–50K,Markwayne Mullin,AMKR,Amkor Technology Inc,2026-01-04,2026-02-04 00:00:00.000000,32500.0,Buy,Stock,
"Markwayne Mullin
RepublicanSenateOK","Adobe Inc
ADBE:US","4 Feb
2026","4 Jan
2026",BUY,15K–50K,Markwayne Mullin,ADBE,Adobe Inc,2026-01-04,2026-02-04 00:00:00.000000,32500.0,Buy,Stock,
"Sheldon Whitehouse
DemocratSenateRI","The Home Depot Inc
HD:US","4 Feb
2026","8 Jan
2026",SELL,1K–15K,Sheldon Whitehouse,HD,The Home Depot Inc,2026-01-08,2026-02-04 00:00:00.000000,8000.0,Sell,Stock,
"Sheldon Whitehouse
DemocratSenateRI","Starbucks Corp
SBUX:US","4 Feb
2026","8 Jan
2026",SELL,1K–15K,Sheldon Whitehouse,SBUX,Starbucks Corp,2026-01-08,2026-02-04 00:00:00.000000,8000.0,Sell,Stock,
"Sheldon Whitehouse
DemocratSenateRI","NVIDIA Corporation
NVDA:US","4 Feb
2026","8 Jan
2026",SELL,1K–15K,Sheldon Whitehouse,NVDA,NVIDIA Corporation,2026-01-08,2026-02-04 00:00:00.000000,8000.0,Sell,Stock,
"Sheldon Whitehouse
DemocratSenateRI","McDonald's Corp
MCD:US","4 Feb
2026","8 Jan
2026",SELL,15K–50K,Sheldon Whitehouse,MCD,McDonald's Corp,2026-01-08,2026-02-04 00:00:00.000000,32500.0,Sell,Stock,
"Cleo Fields
DemocratHouseLA","Alphabet Inc
GOOGL:US","4 Feb
2026","11 Jan
2026",BUY,1K–15K,Cleo Fields,GOOGL,Alphabet Inc,2026-01-11,2026-02-04 00:00:00.000000,8000.0,Buy,Stock,
"Cleo Fields
DemocratHouseLA","Alphabet Inc
GOOGL:US","4 Feb
2026","19 Jan
2026",BUY,100K–250K,Cleo Fields,GOOGL,Alphabet Inc,2026-01-19,2026-02-04 00:00:00.000000,175000.0,Buy,Stock,
"Cleo Fields
DemocratHouseLA","IREN LIMITED
IREN:US","4 Feb
2026","19 Jan
2026",BUY,50K–100K,Cleo Fields,IREN,IREN LIMITED,2026-01-19,2026-02-04 00:00:00.000000,75000.0,Buy,Stock,
"Cleo Fields
DemocratHouseLA","Meta Platforms Inc
META:US","4 Feb
2026","19 Jan
2026",BUY,50K–100K,Cleo Fields,META,Meta Platforms Inc,2026-01-19,2026-02-04 00:00:00.000000,75000.0,Buy,Stock,
"Cleo Fields
DemocratHouseLA","Netflix Inc
NFLX:US","4 Feb
2026","19 Jan
2026",BUY,50K–100K,Cleo Fields,NFLX,Netflix Inc,2026-01-19,2026-02-04 00:00:00.000000,75000.0,Buy,Stock,
"Cleo Fields
DemocratHouseLA","Taiwan Semiconductor Manufacturing Co Ltd
TSM:US","4 Feb
2026","7 Jan
2026",BUY,1K–15K,Cleo Fields,TSM,Taiwan Semiconductor Manufacturing Co Ltd,2026-01-07,2026-02-04 00:00:00.000000,8000.0,Buy,Stock,
"David Taylor
RepublicanHouseOH","Alphabet Inc
GOOGL:US","3 Feb
2026","15 Jan
2026",SELL,1K–15K,David Taylor,GOOGL,Alphabet Inc,2026-01-15,2026-02-03 00:00:00.000000,8000.0,Sell,Stock,
"David Taylor
RepublicanHouseOH","Amazon.com Inc
AMZN:US","3 Feb
2026","28 Jan
2026",BUY,1K–15K,David Taylor,AMZN,Amazon.com Inc,2026-01-28,2026-02-03 00:00:00.000000,8000.0,Buy,Stock,
"David Taylor
RepublicanHouseOH","American Electric Power Co Inc
AEP:US","3 Feb
2026","15 Jan
2026",BUY,1K–15K,David Taylor,AEP,American Electric Power Co Inc,2026-01-15,2026-02-03 00:00:00.000000,8000.0,Buy,Stock,
"David Taylor
RepublicanHouseOH","Amgen Inc
AMGN:US","3 Feb
2026","15 Jan
2026",BUY,1K–15K,David Taylor,AMGN,Amgen Inc,2026-01-15,2026-02-03 00:00:00.000000,8000.0,Buy,Stock,
"David Taylor
RepublicanHouseOH","Amgen Inc
AMGN:US","3 Feb
2026","28 Jan
2026",SELL,1K–15K,David Taylor,AMGN,Amgen Inc,2026-01-28,2026-02-03 00:00:00.000000,8000.0,Sell,Stock,
"David Taylor
RepublicanHouseOH","AT&T Inc
T:US","3 Feb
2026","28 Jan
2026",BUY,1K–15K,David Taylor,T,AT&T Inc,2026-01-28,2026-02-03 00:00:00.000000,8000.0,Buy,Stock,
"David Taylor
RepublicanHouseOH","Broadcom Inc
AVGO:US","3 Feb
2026","28 Jan
2026",BUY,1K–15K,David Taylor,AVGO,Broadcom Inc,2026-01-28,2026-02-03 00:00:00.000000,8000.0,Buy,Stock,
"David Taylor
RepublicanHouseOH","Broadcom Inc
AVGO:US","3 Feb
2026","15 Jan
2026",SELL,1K–15K,David Taylor,AVGO,Broadcom Inc,2026-01-15,2026-02-03 00:00:00.000000,8000.0,Sell,Stock,
"David Taylor
RepublicanHouseOH","Eaton Corp PLC
ETN:US","3 Feb
2026","15 Jan
2026",BUY,1K–15K,David Taylor,ETN,Eaton Corp PLC,2026-01-15,2026-02-03 00:00:00.000000,8000.0,Buy,Stock,
"David Taylor
RepublicanHouseOH","Eli Lilly and Co
LLY:US","3 Feb
2026","15 Jan
2026",SELL,1K–15K,David Taylor,LLY,Eli Lilly and Co,2026-01-15,2026-02-03 00:00:00.000000,8000.0,Sell,Stock,
"David Taylor
RepublicanHouseOH","The Home Depot Inc
HD:US","3 Feb
2026","15 Jan
2026",SELL,1K–15K,David Taylor,HD,The Home Depot Inc,2026-01-15,2026-02-03 00:00:00.000000,8000.0,Sell,Stock,
"David Taylor
RepublicanHouseOH","Installed Building Products Inc
IBP:US","3 Feb
2026","28 Jan
2026",BUY,1K–15K,David Taylor,IBP,Installed Building Products Inc,2026-01-28,2026-02-03 00:00:00.000000,8000.0,Buy,Stock,
"David Taylor
RepublicanHouseOH","JPMorgan Chase & Co
JPM:US","3 Feb
2026","15 Jan
2026",BUY,1K–15K,David Taylor,JPM,JPMorgan Chase & Co,2026-01-15,2026-02-03 00:00:00.000000,8000.0,Buy,Stock,
"David Taylor
RepublicanHouseOH","Lam Research Corp
LRCX:US","3 Feb
2026","15 Jan
2026",SELL,1K–15K,David Taylor,LRCX,Lam Research Corp,2026-01-15,2026-02-03 00:00:00.000000,8000.0,Sell,Stock,
"David Taylor
RepublicanHouseOH","Medpace Holdings Inc
MEDP:US","3 Feb
2026","15 Jan
2026",SELL,1K–15K,David Taylor,MEDP,Medpace Holdings Inc,2026-01-15,2026-02-03 00:00:00.000000,8000.0,Sell,Stock,
"David Taylor
RepublicanHouseOH","Medpace Holdings Inc
MEDP:US","3 Feb
2026","28 Jan
2026",BUY,1K–15K,David Taylor,MEDP,Medpace Holdings Inc,2026-01-28,2026-02-03 00:00:00.000000,8000.0,Buy,Stock,
"David Taylor
RepublicanHouseOH","Microsoft Corp
MSFT:US","3 Feb
2026","28 Jan
2026",BUY,1K–15K,David Taylor,MSFT,Microsoft Corp,2026-01-28,2026-02-03 00:00:00.000000,8000.0,Buy,Stock,
"David Taylor
RepublicanHouseOH","Microsoft Corp
MSFT:US","3 Feb
2026","15 Jan
2026",BUY,1K–15K,David Taylor,MSFT,Microsoft Corp,2026-01-15,2026-02-03 00:00:00.000000,8000.0,Buy,Stock,
"David Taylor
RepublicanHouseOH","Parker-Hannifin Corp
PH:US","3 Feb
2026","15 Jan
2026",SELL,1K–15K,David Taylor,PH,Parker-Hannifin Corp,2026-01-15,2026-02-03 00:00:00.000000,8000.0,Sell,Stock,
"David Taylor
RepublicanHouseOH","The Procter & Gamble Co
PG:US","3 Feb
2026","28 Jan
2026",SELL,1K–15K,David Taylor,PG,The Procter & Gamble Co,2026-01-28,2026-02-03 00:00:00.000000,8000.0,Sell,Stock,
"David Taylor
RepublicanHouseOH","The Progressive Corp
PGR:US","3 Feb
2026","15 Jan
2026",BUY,1K–15K,David Taylor,PGR,The Progressive Corp,2026-01-15,2026-02-03 00:00:00.000000,8000.0,Buy,Stock,
"David Taylor
RepublicanHouseOH","Prologis Inc
PLD:US","3 Feb
2026","15 Jan
2026",SELL,1K–15K,David Taylor,PLD,Prologis Inc,2026-01-15,2026-02-03 00:00:00.000000,8000.0,Sell,Stock,
"David Taylor
RepublicanHouseOH","Prologis Inc
PLD:US","3 Feb
2026","28 Jan
2026",BUY,1K–15K,David Taylor,PLD,Prologis Inc,2026-01-28,2026-02-03 00:00:00.000000,8000.0,Buy,Stock,
"David Taylor
RepublicanHouseOH","RPM International Inc
RPM:US","3 Feb
2026","28 Jan
2026",BUY,1K–15K,David Taylor,RPM,RPM International Inc,2026-01-28,2026-02-03 00:00:00.000000,8000.0,Buy,Stock,
"David Taylor
RepublicanHouseOH","RPM International Inc
RPM:US","3 Feb
2026","15 Jan
2026",BUY,1K–15K,David Taylor,RPM,RPM International Inc,2026-01-15,2026-02-03 00:00:00.000000,8000.0,Buy,Stock,
"David Taylor
RepublicanHouseOH","salesforce.com Inc
CRM:US","3 Feb
2026","28 Jan
2026",BUY,1K–15K,David Taylor,CRM,salesforce.com Inc,2026-01-28,2026-02-03 00:00:00.000000,8000.0,Buy,Stock,
"David Taylor
RepublicanHouseOH","Vertex Pharmaceuticals Inc
VRTX:US","3 Feb
2026","28 Jan
2026",SELL,1K–15K,David Taylor,VRTX,Vertex Pharmaceuticals Inc,2026-01-28,2026-02-03 00:00:00.000000,8000.0,Sell,Stock,
"David Taylor
RepublicanHouseOH","Visa Inc
V:US","3 Feb
2026","15 Jan
2026",BUY,1K–15K,David Taylor,V,Visa Inc,2026-01-15,2026-02-03 00:00:00.000000,8000.0,Buy,Stock,
"David Taylor
RepublicanHouseOH","Apple Inc
AAPL:US","3 Feb
2026","15 Jan
2026",BUY,1K–15K,David Taylor,AAPL,Apple Inc,2026-01-15,2026-02-03 00:00:00.000000,8000.0,Buy,Stock,
"David Taylor
RepublicanHouseOH","Installed Building Products Inc
IBP:US","3 Feb
2026","15 Jan
2026",SELL,1K–15K,David Taylor,IBP,Installed Building Products Inc,2026-01-15,2026-02-03 00:00:00.000000,8000.0,Sell,Stock,
"David Taylor
RepublicanHouseOH","JPMorgan Chase & Co
JPM:US","3 Feb
2026","28 Jan
2026",BUY,1K–15K,David Taylor,JPM,JPMorgan Chase & Co,2026-01-28,2026-02-03 00:00:00.000000,8000.0,Buy,Stock,
"David Taylor
RepublicanHouseOH","The Kroger Co
KR:US","3 Feb
2026","15 Jan
2026",BUY,1K–15K,David Taylor,KR,The Kroger Co,2026-01-15,2026-02-03 00:00:00.000000,8000.0,Buy,Stock,
"April McClain Delaney
DemocratHouseMD","Bio-Techne Corp
TECH:US","3 Feb
2026","27 Jan
2026",SELL,1K–15K,April McClain Delaney,TECH,Bio-Techne Corp,2026-01-27,2026-02-03 00:00:00.000000,8000.0,Sell,Stock,
"April McClain Delaney
DemocratHouseMD","BJ's Wholesale Club Holdings Inc
BJ:US","3 Feb
2026","27 Jan
2026",SELL,1K–15K,April McClain Delaney,BJ,BJ's Wholesale Club Holdings Inc,2026-01-27,2026-02-03 00:00:00.000000,8000.0,Sell,Stock,
"April McClain Delaney
DemocratHouseMD","IDEXX Laboratories Inc
IDXX:US","3 Feb
2026","12 Jan
2026",SELL,1K–15K,April McClain Delaney,IDXX,IDEXX Laboratories Inc,2026-01-12,2026-02-03 00:00:00.000000,8000.0,Sell,Stock,
"April McClain Delaney
DemocratHouseMD","Laboratory Corp of America Holdings
LH:US","3 Feb
2026","27 Jan
2026",BUY,1K–15K,April McClain Delaney,LH,Laboratory Corp of America Holdings,2026-01-27,2026-02-03 00:00:00.000000,8000.0,Buy,Stock,
"April McClain Delaney
DemocratHouseMD","Morningstar Inc
MORN:US","3 Feb
2026","14 Jan
2026",SELL,1K–15K,April McClain Delaney,MORN,Morningstar Inc,2026-01-14,2026-02-03 00:00:00.000000,8000.0,Sell,Stock,
"April McClain Delaney
DemocratHouseMD","PTC Inc
PTC:US","3 Feb
2026","22 Jan
2026",SELL,1K–15K,April McClain Delaney,PTC,PTC Inc,2026-01-22,2026-02-03 00:00:00.000000,8000.0,Sell,Stock,
"April McClain Delaney
DemocratHouseMD","PTC Inc
PTC:US","3 Feb
2026","29 Jan
2026",SELL,1K–15K,April McClain Delaney,PTC,PTC Inc,2026-01-29,2026-02-03 00:00:00.000000,8000.0,Sell,Stock,
"April McClain Delaney
DemocratHouseMD","Tempur Sealy International Inc
SGI:US","3 Feb
2026","11 Jan
2026",SELL,1K–15K,April McClain Delaney,SGI,Tempur Sealy International Inc,2026-01-11,2026-02-03 00:00:00.000000,8000.0,Sell,Stock,
"April McClain Delaney
DemocratHouseMD","Tempur Sealy International Inc
SGI:US","3 Feb
2026","21 Jan
2026",SELL,1K–15K,April McClain Delaney,SGI,Tempur Sealy International Inc,2026-01-21,2026-02-03 00:00:00.000000,8000.0,Sell,Stock,
"April McClain Delaney
DemocratHouseMD","Trimble Inc
TRMB:US","3 Feb
2026","28 Jan
2026",SELL,1K–15K,April McClain Delaney,TRMB,Trimble Inc,2026-01-28,2026-02-03 00:00:00.000000,8000.0,Sell,Stock,
"April McClain Delaney
DemocratHouseMD","Trimble Inc
TRMB:US","3 Feb
2026","27 Jan
2026",SELL,1K–15K,April McClain Delaney,TRMB,Trimble Inc,2026-01-27,2026-02-03 00:00:00.000000,8000.0,Sell,Stock,
"April McClain Delaney
DemocratHouseMD","VIKING HOLDINGS LTD
VIK:US","3 Feb
2026","12 Jan
2026",SELL,1K–15K,April McClain Delaney,VIK,VIKING HOLDINGS LTD,2026-01-12,2026-02-03 00:00:00.000000,8000.0,Sell,Stock,
"April McClain Delaney
DemocratHouseMD","Westinghouse Air Brake Technologies Corp
WAB:US","3 Feb
2026","13 Jan
2026",SELL,1K–15K,April McClain Delaney,WAB,Westinghouse Air Brake Technologies Corp,2026-01-13,2026-02-03 00:00:00.000000,8000.0,Sell,Stock,
"April McClain Delaney
DemocratHouseMD","Westinghouse Air Brake Technologies Corp
WAB:US","3 Feb
2026","21 Jan
2026",SELL,1K–15K,April McClain Delaney,WAB,Westinghouse Air Brake Technologies Corp,2026-01-21,2026-02-03 00:00:00.000000,8000.0,Sell,Stock,
"April McClain Delaney
DemocratHouseMD","Westinghouse Air Brake Technologies Corp
WAB:US","3 Feb
2026","29 Jan
2026",SELL,1K–15K,April McClain Delaney,WAB,Westinghouse Air Brake Technologies Corp,2026-01-29,2026-02-03 00:00:00.000000,8000.0,Sell,Stock,
"Don Beyer
DemocratHouseVA","TOWN OF MADISON CONNECTICUT
N/A","2 Feb
2026","19 Jan
2026",BUY,50K–100K,Don Beyer,,TOWN OF MADISON CONNECTICUT,2026-01-19,2026-02-02 00:00:00.000000,75000.0,Buy,Stock,
"Don Beyer
DemocratHouseVA","STATE OF OHIO
N/A","2 Feb
2026","6 Jan
2026",BUY,15K–50K,Don Beyer,,STATE OF OHIO,2026-01-06,2026-02-02 00:00:00.000000,32500.0,Buy,Stock,
"Don Beyer
DemocratHouseVA","UNIVERSITY OF WASHINGTON
N/A","2 Feb
2026","28 Jan
2026",BUY,15K–50K,Don Beyer,,UNIVERSITY OF WASHINGTON,2026-01-28,2026-02-02 00:00:00.000000,32500.0,Buy,Stock,
"Don Beyer
DemocratHouseVA","STATE OF WEST VIRGINIA
N/A","2 Feb
2026","14 Jan
2026",BUY,50K–100K,Don Beyer,,STATE OF WEST VIRGINIA,2026-01-14,2026-02-02 00:00:00.000000,75000.0,Buy,Stock,
"Tina Smith
DemocratSenateMN","Berkshire Hathaway Inc
BRK/B:US","30 Jan
2026","26 Jan
2026",SELL,100K–250K,Tina Smith,BRK/B,Berkshire Hathaway Inc,2026-01-26,2026-01-30 00:00:00.000000,175000.0,Sell,Stock,
"Tina Smith
DemocratSenateMN","Marsh & McLennan Companies Inc
MRSH:US","30 Jan
2026","26 Jan
2026",SELL,50K–100K,Tina Smith,MRSH,Marsh & McLennan Companies Inc,2026-01-26,2026-01-30 00:00:00.000000,75000.0,Sell,Stock,
"Max Miller
RepublicanHouseOH","GLASFUNDS LP
N/A","30 Jan
2026","6 Jan
2026",BUY,1K–15K,Max Miller,,GLASFUNDS LP,2026-01-06,2026-01-30 00:00:00.000000,8000.0,Buy,Stock,
"Katie Britt
RepublicanSenateAL","JPMorgan Chase & Co
JPM:US","29 Jan
2026","27 Jan
2026",SELL,1K–15K,Katie Britt,JPM,JPMorgan Chase & Co,2026-01-27,2026-01-29 00:00:00.000000,8000.0,Sell,Stock,
"Dale Strong
RepublicanHouseAL","IREN LIMITED
IREN:US","29 Jan
2026","27 Jan
2026",BUY,1K–15K,Dale Strong,IREN,IREN LIMITED,2026-01-27,2026-01-29 00:00:00.000000,8000.0,Buy,Stock,
"Steve Cohen
DemocratHouseTN","Fluor Corp
FLR:US","27 Jan
2026","28 Dec
2025",SELL,15K–50K,Steve Cohen,FLR,Fluor Corp,2025-12-28,2026-01-27 00:00:00.000000,32500.0,Sell,Stock,
"Steve Cohen
DemocratHouseTN","Northrop Grumman Corp
NOC:US","27 Jan
2026","28 Dec
2025",SELL,15K–50K,Steve Cohen,NOC,Northrop Grumman Corp,2025-12-28,2026-01-27 00:00:00.000000,32500.0,Sell,Stock,
"Angus King
OtherSenateME","Honeywell International Inc
HON:US","26 Jan
2026","28 Dec
2025",BUY,1K–15K,Angus King,HON,Honeywell International Inc,2025-12-28,2026-01-26 00:00:00.000000,8000.0,Buy,Stock,
"Angus King
OtherSenateME","Eli Lilly and Co
LLY:US","26 Jan
2026","28 Dec
2025",BUY,1K–15K,Angus King,LLY,Eli Lilly and Co,2025-12-28,2026-01-26 00:00:00.000000,8000.0,Buy,Stock,
"Angus King
OtherSenateME","Comcast Corp
CMCSA:US","26 Jan
2026","28 Dec
2025",SELL,1K–15K,Angus King,CMCSA,Comcast Corp,2025-12-28,2026-01-26 00:00:00.000000,8000.0,Sell,Stock,
"Nancy Pelosi
DemocratHouseCA","AllianceBernstein Holding LP
AB:US","26 Jan
2026","15 Jan
2026",BUY,1M–5M,Nancy Pelosi,AB,AllianceBernstein Holding LP,2026-01-15,2026-01-26 00:00:00.000000,3000000.0,Buy,Stock,
"Nancy Pelosi
DemocratHouseCA","Alphabet Inc
GOOGL:US","26 Jan
2026","15 Jan
2026",BUY,500K–1M,Nancy Pelosi,GOOGL,Alphabet Inc,2026-01-15,2026-01-26 00:00:00.000000,250500000.0,Buy,Stock,
"Nancy Pelosi
DemocratHouseCA","Alphabet Inc
GOOGL:US","26 Jan
2026","29 Dec
2025",BUY,250K–500K,Nancy Pelosi,GOOGL,Alphabet Inc,2025-12-29,2026-01-26 00:00:00.000000,375000.0,Buy,Stock,
"Nancy Pelosi
DemocratHouseCA","Alphabet Inc
GOOGL:US","26 Jan
2026","29 Dec
2025",SELL,1M–5M,Nancy Pelosi,GOOGL,Alphabet Inc,2025-12-29,2026-01-26 00:00:00.000000,3000000.0,Sell,Stock,
"Nancy Pelosi
DemocratHouseCA","Amazon.com Inc
AMZN:US","26 Jan
2026","29 Dec
2025",BUY,100K–250K,Nancy Pelosi,AMZN,Amazon.com Inc,2025-12-29,2026-01-26 00:00:00.000000,175000.0,Buy,Stock,
"Nancy Pelosi
DemocratHouseCA","Amazon.com Inc
AMZN:US","26 Jan
2026","23 Dec
2025",SELL,1M–5M,Nancy Pelosi,AMZN,Amazon.com Inc,2025-12-23,2026-01-26 00:00:00.000000,3000000.0,Sell,Stock,
"Nancy Pelosi
DemocratHouseCA","Amazon.com Inc
AMZN:US","26 Jan
2026","15 Jan
2026",BUY,500K–1M,Nancy Pelosi,AMZN,Amazon.com Inc,2026-01-15,2026-01-26 00:00:00.000000,250500000.0,Buy,Stock,
"Nancy Pelosi
DemocratHouseCA","Apple Inc
AAPL:US","26 Jan
2026","23 Dec
2025",SELL,5M–25M,Nancy Pelosi,AAPL,Apple Inc,2025-12-23,2026-01-26 00:00:00.000000,15000000.0,Sell,Stock,
"Nancy Pelosi
DemocratHouseCA","Apple Inc
AAPL:US","26 Jan
2026","29 Dec
2025",BUY,250K–500K,Nancy Pelosi,AAPL,Apple Inc,2025-12-29,2026-01-26 00:00:00.000000,375000.0,Buy,Stock,
"Nancy Pelosi
DemocratHouseCA","Apple Inc
AAPL:US","26 Jan
2026","29 Dec
2025",SELL,5M–25M,Nancy Pelosi,AAPL,Apple Inc,2025-12-29,2026-01-26 00:00:00.000000,15000000.0,Sell,Stock,
"Nancy Pelosi
DemocratHouseCA","NVIDIA Corporation
NVDA:US","26 Jan
2026","29 Dec
2025",BUY,100K–250K,Nancy Pelosi,NVDA,NVIDIA Corporation,2025-12-29,2026-01-26 00:00:00.000000,175000.0,Buy,Stock,
"Nancy Pelosi
DemocratHouseCA","NVIDIA Corporation
NVDA:US","26 Jan
2026","23 Dec
2025",SELL,1M–5M,Nancy Pelosi,NVDA,NVIDIA Corporation,2025-12-23,2026-01-26 00:00:00.000000,3000000.0,Sell,Stock,
"Nancy Pelosi
DemocratHouseCA","NVIDIA Corporation
NVDA:US","26 Jan
2026","15 Jan
2026",BUY,250K–500K,Nancy Pelosi,NVDA,NVIDIA Corporation,2026-01-15,2026-01-26 00:00:00.000000,375000.0,Buy,Stock,
"Nancy Pelosi
DemocratHouseCA","PayPal Holdings Inc
PYPL:US","26 Jan
2026","29 Dec
2025",SELL,250K–500K,Nancy Pelosi,PYPL,PayPal Holdings Inc,2025-12-29,2026-01-26 00:00:00.000000,375000.0,Sell,Stock,
"Nancy Pelosi
DemocratHouseCA","TEMPUS AI INC
TEM:US","26 Jan
2026","15 Jan
2026",BUY,50K–100K,Nancy Pelosi,TEM,TEMPUS AI INC,2026-01-15,2026-01-26 00:00:00.000000,75000.0,Buy,Stock,
"Nancy Pelosi
DemocratHouseCA","VERSANT MEDIA GROUP INC
N/A","26 Jan
2026","1 Jan
2026",EXCHANGE,< 1K,Nancy Pelosi,,VERSANT MEDIA GROUP INC,2026-01-01,2026-01-26 00:00:00.000000,0.0,Exchange,Stock,
"Nancy Pelosi
DemocratHouseCA","Vistra Corp
VST:US","26 Jan
2026","15 Jan
2026",BUY,100K–250K,Nancy Pelosi,VST,Vistra Corp,2026-01-15,2026-01-26 00:00:00.000000,175000.0,Buy,Stock,
"Nancy Pelosi
DemocratHouseCA","The Walt Disney Co
DIS:US","26 Jan
2026","29 Dec
2025",SELL,1M–5M,Nancy Pelosi,DIS,The Walt Disney Co,2025-12-29,2026-01-26 00:00:00.000000,3000000.0,Sell,Stock,
"Bob Latta
RepublicanHouseOH","Farmers & Merchants Bancorp Inc
FMAO:US","26 Jan
2026","19 Jan
2026",BUY,1K–15K,Bob Latta,FMAO,Farmers & Merchants Bancorp Inc,2026-01-19,2026-01-26 00:00:00.000000,8000.0,Buy,Stock,
"Tim Moore
RepublicanHouseNC","AT&T Inc
T:US","26 Jan
2026","8 Jan
2026",BUY,15K–50K,Tim Moore,T,AT&T Inc,2026-01-08,2026-01-26 00:00:00.000000,32500.0,Buy,Stock,
"Tim Moore
RepublicanHouseNC","Cracker Barrel Old Country Store Inc
CBRL:US","26 Jan
2026","4 Jan
2026",SELL,50K–100K,Tim Moore,CBRL,Cracker Barrel Old Country Store Inc,2026-01-04,2026-01-26 00:00:00.000000,75000.0,Sell,Stock,
"Tim Moore
RepublicanHouseNC","HYSTER YALE INC
HY:US","26 Jan
2026","30 Dec
2025",BUY,15K–50K,Tim Moore,HY,HYSTER YALE INC,2025-12-30,2026-01-26 00:00:00.000000,32500.0,Buy,Stock,
"Tim Moore
RepublicanHouseNC","HYSTER YALE INC
HY:US","26 Jan
2026","4 Jan
2026",SELL,15K–50K,Tim Moore,HY,HYSTER YALE INC,2026-01-04,2026-01-26 00:00:00.000000,32500.0,Sell,Stock,
"Suzan DelBene
DemocratHouseWA","CITY OF NEW YORK
N/A","26 Jan
2026","5 Jan
2026",SELL,250K–500K,Suzan DelBene,,CITY OF NEW YORK,2026-01-05,2026-01-26 00:00:00.000000,375000.0,Sell,Stock,
"Suzan DelBene
DemocratHouseWA","CITY OF NEW YORK
N/A","26 Jan
2026","5 Jan
2026",BUY,250K–500K,Suzan DelBene,,CITY OF NEW YORK,2026-01-05,2026-01-26 00:00:00.000000,375000.0,Buy,Stock,
"Suzan DelBene
DemocratHouseWA","STATE OF WASHINGTON
N/A","26 Jan
2026","12 Jan
2026",SELL,50K–100K,Suzan DelBene,,STATE OF WASHINGTON,2026-01-12,2026-01-26 00:00:00.000000,75000.0,Sell,Stock,
"Suzan DelBene
DemocratHouseWA","STATE OF WASHINGTON
N/A","26 Jan
2026","12 Jan
2026",SELL,15K–50K,Suzan DelBene,,STATE OF WASHINGTON,2026-01-12,2026-01-26 00:00:00.000000,32500.0,Sell,Stock,
"French Hill
RepublicanHouseAR","Kyndryl Holdings Inc
KD:US","26 Jan
2026","30 Dec
2025",SELL,1K–15K,French Hill,KD,Kyndryl Holdings Inc,2025-12-30,2026-01-26 00:00:00.000000,8000.0,Sell,Stock,
"French Hill
RepublicanHouseAR","Pfizer Inc
PFE:US","26 Jan
2026","30 Dec
2025",SELL,100K–250K,French Hill,PFE,Pfizer Inc,2025-12-30,2026-01-26 00:00:00.000000,175000.0,Sell,Stock,
"French Hill
RepublicanHouseAR","SFL CORP LTD
N/A","26 Jan
2026","30 Dec
2025",SELL,15K–50K,French Hill,,SFL CORP LTD,2025-12-30,2026-01-26 00:00:00.000000,32500.0,Sell,Stock,
"French Hill
RepublicanHouseAR","SOLVENTUM CORP
SOLV:US","26 Jan
2026","30 Dec
2025",SELL,15K–50K,French Hill,SOLV,SOLVENTUM CORP,2025-12-30,2026-01-26 00:00:00.000000,32500.0,Sell,Stock,
"Kevin Hern
RepublicanHouseOK","Unitedhealth Group Inc
UNH:US","23 Jan
2026","22 Dec
2025",SELL,250K–500K,Kevin Hern,UNH,Unitedhealth Group Inc,2025-12-22,2026-01-23 00:00:00.000000,375000.0,Sell,Stock,
"David Taylor
RepublicanHouseOH","Broadcom Inc
AVGO:US","22 Jan
2026","7 Jan
2026",SELL,1K–15K,David Taylor,AVGO,Broadcom Inc,2026-01-07,2026-01-22 00:00:00.000000,8000.0,Sell,Stock,
"David Taylor
RepublicanHouseOH","International Business Machines Corp
IBM:US","22 Jan
2026","7 Jan
2026",BUY,1K–15K,David Taylor,IBM,International Business Machines Corp,2026-01-07,2026-01-22 00:00:00.000000,8000.0,Buy,Stock,
"David Taylor
RepublicanHouseOH","International Business Machines Corp
IBM:US","22 Jan
2026","7 Jan
2026",BUY,15K–50K,David Taylor,IBM,International Business Machines Corp,2026-01-07,2026-01-22 00:00:00.000000,32500.0,Buy,Stock,
"David Taylor
RepublicanHouseOH","Lam Research Corp
LRCX:US","22 Jan
2026","7 Jan
2026",SELL,15K–50K,David Taylor,LRCX,Lam Research Corp,2026-01-07,2026-01-22 00:00:00.000000,32500.0,Sell,Stock,
"David Taylor
RepublicanHouseOH","Microsoft Corp
MSFT:US","22 Jan
2026","7 Jan
2026",BUY,1K–15K,David Taylor,MSFT,Microsoft Corp,2026-01-07,2026-01-22 00:00:00.000000,8000.0,Buy,Stock,
"David Taylor
RepublicanHouseOH","The Procter & Gamble Co
PG:US","22 Jan
2026","8 Jan
2026",BUY,1K–15K,David Taylor,PG,The Procter & Gamble Co,2026-01-08,2026-01-22 00:00:00.000000,8000.0,Buy,Stock,
"Richard Blumenthal
DemocratSenateCT","COMMODORE CAPITAL DOMESTIC LP
N/A","21 Jan
2026","21 Dec
2025",SELL,15K–50K,Richard Blumenthal,,COMMODORE CAPITAL DOMESTIC LP,2025-12-21,2026-01-21 00:00:00.000000,32500.0,Sell,Stock,
"Richard Blumenthal
DemocratSenateCT","MH BUILT TO LAST LLC
N/A","21 Jan
2026","15 Dec
2025",SELL,15K–50K,Richard Blumenthal,,MH BUILT TO LAST LLC,2025-12-15,2026-01-21 00:00:00.000000,32500.0,Sell,Stock,
"Richard Blumenthal
DemocratSenateCT","ELCM2 LLC
N/A","21 Jan
2026","17 Dec
2025",BUY,15K–50K,Richard Blumenthal,,ELCM2 LLC,2025-12-17,2026-01-21 00:00:00.000000,32500.0,Buy,Stock,
"Richard Blumenthal
DemocratSenateCT","COMMODORE CAPITAL DOMESTIC LP
N/A","21 Jan
2026","21 Dec
2025",SELL,50K–100K,Richard Blumenthal,,COMMODORE CAPITAL DOMESTIC LP,2025-12-21,2026-01-21 00:00:00.000000,75000.0,Sell,Stock,
"Richard Blumenthal
DemocratSenateCT","MH BUILT TO LAST LLC
N/A","21 Jan
2026","1 Jan
2026",BUY,1K–15K,Richard Blumenthal,,MH BUILT TO LAST LLC,2026-01-01,2026-01-21 00:00:00.000000,8000.0,Buy,Stock,
"Richard Blumenthal
DemocratSenateCT","MH BUILT TO LAST LLC
N/A","21 Jan
2026","15 Dec
2025",SELL,50K–100K,Richard Blumenthal,,MH BUILT TO LAST LLC,2025-12-15,2026-01-21 00:00:00.000000,75000.0,Sell,Stock,
"Richard Blumenthal
DemocratSenateCT","COMMODORE CAPITAL DOMESTIC LP
N/A","21 Jan
2026","21 Dec
2025",SELL,100K–250K,Richard Blumenthal,,COMMODORE CAPITAL DOMESTIC LP,2025-12-21,2026-01-21 00:00:00.000000,175000.0,Sell,Stock,
"Richard Blumenthal
DemocratSenateCT","HEDOSOPHIA PARTNERS V LP
N/A","21 Jan
2026","30 Dec
2025",SELL,500K–1M,Richard Blumenthal,,HEDOSOPHIA PARTNERS V LP,2025-12-30,2026-01-21 00:00:00.000000,250500000.0,Sell,Stock,
"Richard Blumenthal
DemocratSenateCT","MH BUILT TO LAST LLC
N/A","21 Jan
2026","1 Jan
2026",BUY,50K–100K,Richard Blumenthal,,MH BUILT TO LAST LLC,2026-01-01,2026-01-21 00:00:00.000000,75000.0,Buy,Stock,
"Richard Blumenthal
DemocratSenateCT","MH BUILT TO LAST LLC
N/A","21 Jan
2026","5 Jan
2026",SELL,1K–15K,Richard Blumenthal,,MH BUILT TO LAST LLC,2026-01-05,2026-01-21 00:00:00.000000,8000.0,Sell,Stock,
"Richard Blumenthal
DemocratSenateCT","MH BUILT TO LAST LLC
N/A","21 Jan
2026","15 Dec
2025",SELL,1K–15K,Richard Blumenthal,,MH BUILT TO LAST LLC,2025-12-15,2026-01-21 00:00:00.000000,8000.0,Sell,Stock,
"Richard Blumenthal
DemocratSenateCT","ELCM2 LLC
N/A","21 Jan
2026","17 Dec
2025",BUY,1K–15K,Richard Blumenthal,,ELCM2 LLC,2025-12-17,2026-01-21 00:00:00.000000,8000.0,Buy,Stock,
"Kelly Morrison
DemocratHouseMN","Ashtead Group PLC
ASHGY:US","21 Jan
2026","9 Dec
2025",EXCHANGE,15K–50K,Kelly Morrison,ASHGY,Ashtead Group PLC,2025-12-09,2026-01-21 00:00:00.000000,32500.0,Exchange,Stock,
"Kelly Morrison
DemocratHouseMN","Ashtead Group PLC
ASHGY:US","21 Jan
2026","9 Dec
2025",EXCHANGE,1K–15K,Kelly Morrison,ASHGY,Ashtead Group PLC,2025-12-09,2026-01-21 00:00:00.000000,8000.0,Exchange,Stock,
"August Pfluger
RepublicanHouseTX","Formula One Group - The Liberty Media Group
FWONK:US","21 Jan
2026","15 Dec
2025",EXCHANGE,1K–15K,August Pfluger,FWONK,Formula One Group - The Liberty Media Group,2025-12-15,2026-01-21 00:00:00.000000,8000.0,Exchange,Stock,
"August Pfluger
RepublicanHouseTX","LIBERTY MEDIA LIBERTY LIVE
LLYVK:US","21 Jan
2026","15 Dec
2025",EXCHANGE,1K–15K,August Pfluger,LLYVK,LIBERTY MEDIA LIBERTY LIVE,2025-12-15,2026-01-21 00:00:00.000000,8000.0,Exchange,Stock,
"Mike Collins
RepublicanHouseGA","USD Coin
N/A","21 Jan
2026","25 Dec
2025",BUY,1K–15K,Mike Collins,,USD Coin,2025-12-25,2026-01-21 00:00:00.000000,8000.0,Buy,Stock,
"Mike Collins
RepublicanHouseGA","USD Coin
N/A","21 Jan
2026","11 Jan
2026",SELL,1K–15K,Mike Collins,,USD Coin,2026-01-11,2026-01-21 00:00:00.000000,8000.0,Sell,Stock,
"Gary Peters
DemocratSenateMI","W. P. Carey Inc
WPC:US","20 Jan
2026","11 Jan
2026",BUY,15K–50K,Gary Peters,WPC,W. P. Carey Inc,2026-01-11,2026-01-20 00:00:00.000000,32500.0,Buy,Stock,
"Gary Peters
DemocratSenateMI","Stanley Black & Decker Inc
SWK:US","20 Jan
2026","11 Jan
2026",BUY,15K–50K,Gary Peters,SWK,Stanley Black & Decker Inc,2026-01-11,2026-01-20 00:00:00.000000,32500.0,Buy,Stock,
"Thomas Kean Jr
RepublicanHouseNJ","LIBERTY MEDIA LIBERTY LIVE
LLYVK:US","19 Jan
2026","15 Dec
2025",EXCHANGE,1K–15K,Thomas Kean Jr,LLYVK,LIBERTY MEDIA LIBERTY LIVE,2025-12-15,2026-01-19 00:00:00.000000,8000.0,Exchange,Stock,
"Thomas Kean Jr
RepublicanHouseNJ","US TREASURY NOTE
N/A","19 Jan
2026","30 Dec
2025",BUY,15K–50K,Thomas Kean Jr,,US TREASURY NOTE,2025-12-30,2026-01-19 00:00:00.000000,32500.0,Buy,Stock,
"Scott Peters
DemocratHouseCA","ALLOCATE ALPHA FUND II LP
N/A","19 Jan
2026","18 Dec
2025",BUY,1K–15K,Scott Peters,,ALLOCATE ALPHA FUND II LP,2025-12-18,2026-01-19 00:00:00.000000,8000.0,Buy,Stock,
"Scott Peters
DemocratHouseCA","ALLOCATE PREMIER ACCESS FUND LP
N/A","19 Jan
2026","18 Dec
2025",BUY,15K–50K,Scott Peters,,ALLOCATE PREMIER ACCESS FUND LP,2025-12-18,2026-01-19 00:00:00.000000,32500.0,Buy,Stock,
"Scott Peters
DemocratHouseCA","US TREASURY BILLS
N/A","19 Jan
2026","25 Dec
2025",SELL,100K–250K,Scott Peters,,US TREASURY BILLS,2025-12-25,2026-01-19 00:00:00.000000,175000.0,Sell,Stock,
"Scott Peters
DemocratHouseCA","US TREASURY BILLS
N/A","19 Jan
2026","28 Dec
2025",BUY,100K–250K,Scott Peters,,US TREASURY BILLS,2025-12-28,2026-01-19 00:00:00.000000,175000.0,Buy,Stock,
"Scott Peters
DemocratHouseCA","US TREASURY BILLS
N/A","19 Jan
2026","7 Dec
2025",BUY,50K–100K,Scott Peters,,US TREASURY BILLS,2025-12-07,2026-01-19 00:00:00.000000,75000.0,Buy,Stock,
"Cleo Fields
DemocratHouseLA","Alphabet Inc
GOOGL:US","19 Jan
2026","25 Dec
2025",BUY,50K–100K,Cleo Fields,GOOGL,Alphabet Inc,2025-12-25,2026-01-19 00:00:00.000000,75000.0,Buy,Stock,
"Cleo Fields
DemocratHouseLA","FIGMA INC
FIG:US","19 Jan
2026","25 Dec
2025",SELL,1K–15K,Cleo Fields,FIG,FIGMA INC,2025-12-25,2026-01-19 00:00:00.000000,8000.0,Sell,Stock,
"Cleo Fields
DemocratHouseLA","FIGMA INC
FIG:US","19 Jan
2026","25 Dec
2025",SELL,15K–50K,Cleo Fields,FIG,FIGMA INC,2025-12-25,2026-01-19 00:00:00.000000,32500.0,Sell,Stock,
"Cleo Fields
DemocratHouseLA","IREN LIMITED
IREN:US","19 Jan
2026","25 Dec
2025",SELL,50K–100K,Cleo Fields,IREN,IREN LIMITED,2025-12-25,2026-01-19 00:00:00.000000,75000.0,Sell,Stock,
"Cleo Fields
DemocratHouseLA","OPENDOOR TECHNOLOGIES INC
OPEN:US","19 Jan
2026","25 Dec
2025",SELL,1K–15K,Cleo Fields,OPEN,OPENDOOR TECHNOLOGIES INC,2025-12-25,2026-01-19 00:00:00.000000,8000.0,Sell,Stock,
"Markwayne Mullin
RepublicanSenateOK","Caterpillar Inc
CAT:US","16 Jan
2026","28 Dec
2025",BUY,15K–50K,Markwayne Mullin,CAT,Caterpillar Inc,2025-12-28,2026-01-16 00:00:00.000000,32500.0,Buy,Stock,
"Markwayne Mullin
RepublicanSenateOK","Eli Lilly and Co
LLY:US","16 Jan
2026","28 Dec
2025",BUY,15K–50K,Markwayne Mullin,LLY,Eli Lilly and Co,2025-12-28,2026-01-16 00:00:00.000000,32500.0,Buy,Stock,
"Markwayne Mullin
RepublicanSenateOK","JPMorgan Chase & Co
JPM:US","16 Jan
2026","28 Dec
2025",BUY,50K–100K,Markwayne Mullin,JPM,JPMorgan Chase & Co,2025-12-28,2026-01-16 00:00:00.000000,75000.0,Buy,Stock,
"Markwayne Mullin
RepublicanSenateOK","Capital One Financial Corp
COF:US","16 Jan
2026","28 Dec
2025",BUY,50K–100K,Markwayne Mullin,COF,Capital One Financial Corp,2025-12-28,2026-01-16 00:00:00.000000,75000.0,Buy,Stock,
"Markwayne Mullin
RepublicanSenateOK","RTX Corp
RTX:US","16 Jan
2026","28 Dec
2025",BUY,15K–50K,Markwayne Mullin,RTX,RTX Corp,2025-12-28,2026-01-16 00:00:00.000000,32500.0,Buy,Stock,
"Markwayne Mullin
RepublicanSenateOK","Alphabet Inc
GOOGL:US","16 Jan
2026","28 Dec
2025",BUY,100K–250K,Markwayne Mullin,GOOGL,Alphabet Inc,2025-12-28,2026-01-16 00:00:00.000000,175000.0,Buy,Stock,
"Markwayne Mullin
RepublicanSenateOK","Intercontinental Exchange Inc
ICE:US","16 Jan
2026","28 Dec
2025",BUY,15K–50K,Markwayne Mullin,ICE,Intercontinental Exchange Inc,2025-12-28,2026-01-16 00:00:00.000000,32500.0,Buy,Stock,
"Markwayne Mullin
RepublicanSenateOK","DEERE & COMPANY
DE:US","16 Jan
2026","28 Dec
2025",BUY,15K–50K,Markwayne Mullin,DE,DEERE & COMPANY,2025-12-28,2026-01-16 00:00:00.000000,32500.0,Buy,Stock,
"Markwayne Mullin
RepublicanSenateOK","Boston Scientific Corp
BSX:US","16 Jan
2026","28 Dec
2025",BUY,15K–50K,Markwayne Mullin,BSX,Boston Scientific Corp,2025-12-28,2026-01-16 00:00:00.000000,32500.0,Buy,Stock,
"Markwayne Mullin
RepublicanSenateOK","Microsoft Corp
MSFT:US","16 Jan
2026","28 Dec
2025",BUY,100K–250K,Markwayne Mullin,MSFT,Microsoft Corp,2025-12-28,2026-01-16 00:00:00.000000,175000.0,Buy,Stock,
"Markwayne Mullin
RepublicanSenateOK","The Goldman Sachs Group Inc
GS:US","16 Jan
2026","28 Dec
2025",BUY,15K–50K,Markwayne Mullin,GS,The Goldman Sachs Group Inc,2025-12-28,2026-01-16 00:00:00.000000,32500.0,Buy,Stock,
"Markwayne Mullin
RepublicanSenateOK","Lam Research Corp
LRCX:US","16 Jan
2026","28 Dec
2025",BUY,50K–100K,Markwayne Mullin,LRCX,Lam Research Corp,2025-12-28,2026-01-16 00:00:00.000000,75000.0,Buy,Stock,
"Markwayne Mullin
RepublicanSenateOK","The Coca-Cola Co
KO:US","16 Jan
2026","28 Dec
2025",BUY,15K–50K,Markwayne Mullin,KO,The Coca-Cola Co,2025-12-28,2026-01-16 00:00:00.000000,32500.0,Buy,Stock,
"Markwayne Mullin
RepublicanSenateOK","Amazon.com Inc
AMZN:US","16 Jan
2026","28 Dec
2025",BUY,100K–250K,Markwayne Mullin,AMZN,Amazon.com Inc,2025-12-28,2026-01-16 00:00:00.000000,175000.0,Buy,Stock,
"Markwayne Mullin
RepublicanSenateOK","NVIDIA Corporation
NVDA:US","16 Jan
2026","28 Dec
2025",BUY,100K–250K,Markwayne Mullin,NVDA,NVIDIA Corporation,2025-12-28,2026-01-16 00:00:00.000000,175000.0,Buy,Stock,
"Markwayne Mullin
RepublicanSenateOK","salesforce.com Inc
CRM:US","16 Jan
2026","28 Dec
2025",BUY,15K–50K,Markwayne Mullin,CRM,salesforce.com Inc,2025-12-28,2026-01-16 00:00:00.000000,32500.0,Buy,Stock,
"Markwayne Mullin
RepublicanSenateOK","Iqvia Holdings Inc
IQV:US","16 Jan
2026","28 Dec
2025",BUY,15K–50K,Markwayne Mullin,IQV,Iqvia Holdings Inc,2025-12-28,2026-01-16 00:00:00.000000,32500.0,Buy,Stock,
"Markwayne Mullin
RepublicanSenateOK","Elevance Health Inc
ELV:US","16 Jan
2026","28 Dec
2025",BUY,15K–50K,Markwayne Mullin,ELV,Elevance Health Inc,2025-12-28,2026-01-16 00:00:00.000000,32500.0,Buy,Stock,
"Markwayne Mullin
RepublicanSenateOK","American Express Co
AXP:US","16 Jan
2026","28 Dec
2025",BUY,1K–15K,Markwayne Mullin,AXP,American Express Co,2025-12-28,2026-01-16 00:00:00.000000,8000.0,Buy,Stock,
"Markwayne Mullin
RepublicanSenateOK","Chevron Corp
CVX:US","16 Jan
2026","28 Dec
2025",BUY,15K–50K,Markwayne Mullin,CVX,Chevron Corp,2025-12-28,2026-01-16 00:00:00.000000,32500.0,Buy,Stock,
"Markwayne Mullin
RepublicanSenateOK","Apple Inc
AAPL:US","16 Jan
2026","28 Dec
2025",BUY,100K–250K,Markwayne Mullin,AAPL,Apple Inc,2025-12-28,2026-01-16 00:00:00.000000,175000.0,Buy,Stock,
"Markwayne Mullin
RepublicanSenateOK","Meta Platforms Inc
META:US","16 Jan
2026","28 Dec
2025",BUY,50K–100K,Markwayne Mullin,META,Meta Platforms Inc,2025-12-28,2026-01-16 00:00:00.000000,75000.0,Buy,Stock,
"Markwayne Mullin
RepublicanSenateOK","Mastercard Inc
MA:US","16 Jan
2026","28 Dec
2025",BUY,50K–100K,Markwayne Mullin,MA,Mastercard Inc,2025-12-28,2026-01-16 00:00:00.000000,75000.0,Buy,Stock,
"Markwayne Mullin
RepublicanSenateOK","Hilton Worldwide Holdings Inc
HLT:US","16 Jan
2026","28 Dec
2025",BUY,15K–50K,Markwayne Mullin,HLT,Hilton Worldwide Holdings Inc,2025-12-28,2026-01-16 00:00:00.000000,32500.0,Buy,Stock,
"Markwayne Mullin
RepublicanSenateOK","Applied Materials Inc
AMAT:US","16 Jan
2026","28 Dec
2025",BUY,15K–50K,Markwayne Mullin,AMAT,Applied Materials Inc,2025-12-28,2026-01-16 00:00:00.000000,32500.0,Buy,Stock,
"Markwayne Mullin
RepublicanSenateOK","Costco Wholesale Corp
COST:US","16 Jan
2026","28 Dec
2025",BUY,15K–50K,Markwayne Mullin,COST,Costco Wholesale Corp,2025-12-28,2026-01-16 00:00:00.000000,32500.0,Buy,Stock,
"Markwayne Mullin
RepublicanSenateOK","Intuitive Surgical Inc
ISRG:US","16 Jan
2026","28 Dec
2025",BUY,15K–50K,Markwayne Mullin,ISRG,Intuitive Surgical Inc,2025-12-28,2026-01-16 00:00:00.000000,32500.0,Buy,Stock,
"Markwayne Mullin
RepublicanSenateOK","The Home Depot Inc
HD:US","16 Jan
2026","28 Dec
2025",BUY,15K–50K,Markwayne Mullin,HD,The Home Depot Inc,2025-12-28,2026-01-16 00:00:00.000000,32500.0,Buy,Stock,
"Markwayne Mullin
RepublicanSenateOK","Intuit Inc
INTU:US","16 Jan
2026","28 Dec
2025",BUY,15K–50K,Markwayne Mullin,INTU,Intuit Inc,2025-12-28,2026-01-16 00:00:00.000000,32500.0,Buy,Stock,
"Markwayne Mullin
RepublicanSenateOK","ServiceNow Inc
NOW:US","16 Jan
2026","28 Dec
2025",BUY,15K–50K,Markwayne Mullin,NOW,ServiceNow Inc,2025-12-28,2026-01-16 00:00:00.000000,32500.0,Buy,Stock,
"Markwayne Mullin
RepublicanSenateOK","ConocoPhillips
COP:US","16 Jan
2026","28 Dec
2025",BUY,15K–50K,Markwayne Mullin,COP,ConocoPhillips,2025-12-28,2026-01-16 00:00:00.000000,32500.0,Buy,Stock,
"Mark Warner
DemocratSenateVA","WEST DEPTFORD ENERGY HOLDINGS LLC
N/A","16 Jan
2026","23 Dec
2025",SELL,1K–15K,Mark Warner,,WEST DEPTFORD ENERGY HOLDINGS LLC,2025-12-23,2026-01-16 00:00:00.000000,8000.0,Sell,Stock,
"Mark Warner
DemocratSenateVA","BETTERCLOUD INC
N/A","16 Jan
2026","9 Dec
2025",SELL,1K–15K,Mark Warner,,BETTERCLOUD INC,2025-12-09,2026-01-16 00:00:00.000000,8000.0,Sell,Stock,
"Dan Newhouse
RepublicanHouseWA","Alphabet Inc
GOOGL:US","16 Jan
2026","10 Dec
2025",SELL,1K–15K,Dan Newhouse,GOOGL,Alphabet Inc,2025-12-10,2026-01-16 00:00:00.000000,8000.0,Sell,Stock,
"Dan Newhouse
RepublicanHouseWA","Blackstone Group Inc
BX:US","16 Jan
2026","10 Dec
2025",BUY,1K–15K,Dan Newhouse,BX,Blackstone Group Inc,2025-12-10,2026-01-16 00:00:00.000000,8000.0,Buy,Stock,
"Dan Newhouse
RepublicanHouseWA","Broadcom Inc
AVGO:US","16 Jan
2026","10 Dec
2025",SELL,1K–15K,Dan Newhouse,AVGO,Broadcom Inc,2025-12-10,2026-01-16 00:00:00.000000,8000.0,Sell,Stock,
"Dan Newhouse
RepublicanHouseWA","Broadridge Financial Solutions Inc
BR:US","16 Jan
2026","30 Dec
2025",BUY,1K–15K,Dan Newhouse,BR,Broadridge Financial Solutions Inc,2025-12-30,2026-01-16 00:00:00.000000,8000.0,Buy,Stock,
"Dan Newhouse
RepublicanHouseWA","Brown & Brown Inc
BRO:US","16 Jan
2026","10 Dec
2025",SELL,1K–15K,Dan Newhouse,BRO,Brown & Brown Inc,2025-12-10,2026-01-16 00:00:00.000000,8000.0,Sell,Stock,
"Dan Newhouse
RepublicanHouseWA","Schwab (Charles) Corp
SCHW:US","16 Jan
2026","10 Dec
2025",BUY,1K–15K,Dan Newhouse,SCHW,Schwab (Charles) Corp,2025-12-10,2026-01-16 00:00:00.000000,8000.0,Buy,Stock,
"Dan Newhouse
RepublicanHouseWA","Dollar General Corporation
DG:US","16 Jan
2026","10 Dec
2025",SELL,1K–15K,Dan Newhouse,DG,Dollar General Corporation,2025-12-10,2026-01-16 00:00:00.000000,8000.0,Sell,Stock,
"Dan Newhouse
RepublicanHouseWA","Lululemon Athletica Inc
LULU:US","16 Jan
2026","10 Dec
2025",BUY,1K–15K,Dan Newhouse,LULU,Lululemon Athletica Inc,2025-12-10,2026-01-16 00:00:00.000000,8000.0,Buy,Stock,
"Dan Newhouse
RepublicanHouseWA","Magna International Inc
MGA:US","16 Jan
2026","10 Dec
2025",SELL,1K–15K,Dan Newhouse,MGA,Magna International Inc,2025-12-10,2026-01-16 00:00:00.000000,8000.0,Sell,Stock,
"Dan Newhouse
RepublicanHouseWA","NXP Semiconductors NV
NXPI:US","16 Jan
2026","10 Dec
2025",BUY,1K–15K,Dan Newhouse,NXPI,NXP Semiconductors NV,2025-12-10,2026-01-16 00:00:00.000000,8000.0,Buy,Stock,
"Dan Newhouse
RepublicanHouseWA","Palo Alto Networks Inc
PANW:US","16 Jan
2026","10 Dec
2025",BUY,1K–15K,Dan Newhouse,PANW,Palo Alto Networks Inc,2025-12-10,2026-01-16 00:00:00.000000,8000.0,Buy,Stock,
"Dan Newhouse
RepublicanHouseWA","Royal Caribbean Group
RCL:US","16 Jan
2026","30 Dec
2025",BUY,1K–15K,Dan Newhouse,RCL,Royal Caribbean Group,2025-12-30,2026-01-16 00:00:00.000000,8000.0,Buy,Stock,
"Dan Newhouse
RepublicanHouseWA","Starbucks Corp
SBUX:US","16 Jan
2026","10 Dec
2025",SELL,1K–15K,Dan Newhouse,SBUX,Starbucks Corp,2025-12-10,2026-01-16 00:00:00.000000,8000.0,Sell,Stock,
"Dan Newhouse
RepublicanHouseWA","Synopsys Inc
SNPS:US","16 Jan
2026","30 Dec
2025",BUY,1K–15K,Dan Newhouse,SNPS,Synopsys Inc,2025-12-30,2026-01-16 00:00:00.000000,8000.0,Buy,Stock,
"Dan Newhouse
RepublicanHouseWA","TENNESSEE GAS PIPELINE COMPANY LLC
N/A","16 Jan
2026","30 Dec
2025",BUY,1K–15K,Dan Newhouse,,TENNESSEE GAS PIPELINE COMPANY LLC,2025-12-30,2026-01-16 00:00:00.000000,8000.0,Buy,Stock,
"Dan Newhouse
RepublicanHouseWA","Textron Inc
TXT:US","16 Jan
2026","10 Dec
2025",BUY,1K–15K,Dan Newhouse,TXT,Textron Inc,2025-12-10,2026-01-16 00:00:00.000000,8000.0,Buy,Stock,
"Dan Newhouse
RepublicanHouseWA","T-Mobile US Inc
TMUS:US","16 Jan
2026","10 Dec
2025",BUY,1K–15K,Dan Newhouse,TMUS,T-Mobile US Inc,2025-12-10,2026-01-16 00:00:00.000000,8000.0,Buy,Stock,
"Dan Newhouse
RepublicanHouseWA","Truist Financial Corp
TFC:US","16 Jan
2026","10 Dec
2025",SELL,1K–15K,Dan Newhouse,TFC,Truist Financial Corp,2025-12-10,2026-01-16 00:00:00.000000,8000.0,Sell,Stock,
"Dan Newhouse
RepublicanHouseWA","Ulta Beauty Inc
ULTA:US","16 Jan
2026","10 Dec
2025",SELL,1K–15K,Dan Newhouse,ULTA,Ulta Beauty Inc,2025-12-10,2026-01-16 00:00:00.000000,8000.0,Sell,Stock,
"Roger Williams
RepublicanHouseTX","Chevron Corp
CVX:US","16 Jan
2026","21 Dec
2025",SELL,15K–50K,Roger Williams,CVX,Chevron Corp,2025-12-21,2026-01-16 00:00:00.000000,32500.0,Sell,Stock,
"Roger Williams
RepublicanHouseTX","Diamondback Energy Inc
FANG:US","16 Jan
2026","21 Dec
2025",SELL,1K–15K,Roger Williams,FANG,Diamondback Energy Inc,2025-12-21,2026-01-16 00:00:00.000000,8000.0,Sell,Stock,
"Roger Williams
RepublicanHouseTX","JPMorgan Chase & Co
JPM:US","16 Jan
2026","21 Dec
2025",BUY,1K–15K,Roger Williams,JPM,JPMorgan Chase & Co,2025-12-21,2026-01-16 00:00:00.000000,8000.0,Buy,Stock,
"Roger Williams
RepublicanHouseTX","RTX Corp
RTX:US","16 Jan
2026","21 Dec
2025",BUY,1K–15K,Roger Williams,RTX,RTX Corp,2025-12-21,2026-01-16 00:00:00.000000,8000.0,Buy,Stock,
"Rick Allen
RepublicanHouseGA","Ferguson PLC
FERG:US","16 Jan
2026","11 Dec
2025",BUY,15K–50K,Rick Allen,FERG,Ferguson PLC,2025-12-11,2026-01-16 00:00:00.000000,32500.0,Buy,Stock,
"Rick Allen
RepublicanHouseGA","Netflix Inc
NFLX:US","16 Jan
2026","11 Dec
2025",SELL,1K–15K,Rick Allen,NFLX,Netflix Inc,2025-12-11,2026-01-16 00:00:00.000000,8000.0,Sell,Stock,
"Julie Johnson
DemocratHouseTX","3M Co
MMM:US","16 Jan
2026","17 Dec
2025",SELL,1K–15K,Julie Johnson,MMM,3M Co,2025-12-17,2026-01-16 00:00:00.000000,8000.0,Sell,Stock,
"Julie Johnson
DemocratHouseTX","Abbott Laboratories
ABT:US","16 Jan
2026","17 Dec
2025",SELL,1K–15K,Julie Johnson,ABT,Abbott Laboratories,2025-12-17,2026-01-16 00:00:00.000000,8000.0,Sell,Stock,
"Julie Johnson
DemocratHouseTX","AbbVie Inc
ABBV:US","16 Jan
2026","17 Dec
2025",SELL,1K–15K,Julie Johnson,ABBV,AbbVie Inc,2025-12-17,2026-01-16 00:00:00.000000,8000.0,Sell,Stock,
"Julie Johnson
DemocratHouseTX","Air Products and Chemicals Inc
APD:US","16 Jan
2026","17 Dec
2025",SELL,1K–15K,Julie Johnson,APD,Air Products and Chemicals Inc,2025-12-17,2026-01-16 00:00:00.000000,8000.0,Sell,Stock,
"Julie Johnson
DemocratHouseTX","Alphabet Inc
GOOGL:US","16 Jan
2026","17 Dec
2025",SELL,1K–15K,Julie Johnson,GOOGL,Alphabet Inc,2025-12-17,2026-01-16 00:00:00.000000,8000.0,Sell,Stock,
"Julie Johnson
DemocratHouseTX","American Express Co
AXP:US","16 Jan
2026","17 Dec
2025",SELL,1K–15K,Julie Johnson,AXP,American Express Co,2025-12-17,2026-01-16 00:00:00.000000,8000.0,Sell,Stock,
"Julie Johnson
DemocratHouseTX","Analog Devices Inc
ADI:US","16 Jan
2026","17 Dec
2025",SELL,1K–15K,Julie Johnson,ADI,Analog Devices Inc,2025-12-17,2026-01-16 00:00:00.000000,8000.0,Sell,Stock,
"Julie Johnson
DemocratHouseTX","Arthur J. Gallagher & Co
AJG:US","16 Jan
2026","17 Dec
2025",SELL,1K–15K,Julie Johnson,AJG,Arthur J. Gallagher & Co,2025-12-17,2026-01-16 00:00:00.000000,8000.0,Sell,Stock,
"Julie Johnson
DemocratHouseTX","Bank of America Corp
BAC:US","16 Jan
2026","17 Dec
2025",SELL,1K–15K,Julie Johnson,BAC,Bank of America Corp,2025-12-17,2026-01-16 00:00:00.000000,8000.0,Sell,Stock,
"Julie Johnson
DemocratHouseTX","Blackstone Group Inc
BX:US","16 Jan
2026","17 Dec
2025",SELL,1K–15K,Julie Johnson,BX,Blackstone Group Inc,2025-12-17,2026-01-16 00:00:00.000000,8000.0,Sell,Stock,
"Julie Johnson
DemocratHouseTX","Bristol-Myers Squibb Co
BMY:US","16 Jan
2026","17 Dec
2025",SELL,1K–15K,Julie Johnson,BMY,Bristol-Myers Squibb Co,2025-12-17,2026-01-16 00:00:00.000000,8000.0,Sell,Stock,
"Julie Johnson
DemocratHouseTX","Capital One Financial Corp
COF:US","16 Jan
2026","17 Dec
2025",SELL,1K–15K,Julie Johnson,COF,Capital One Financial Corp,2025-12-17,2026-01-16 00:00:00.000000,8000.0,Sell,Stock,
"Julie Johnson
DemocratHouseTX","Carrier Global Corp
CARR:US","16 Jan
2026","17 Dec
2025",SELL,1K–15K,Julie Johnson,CARR,Carrier Global Corp,2025-12-17,2026-01-16 00:00:00.000000,8000.0,Sell,Stock,
"Julie Johnson
DemocratHouseTX","Schwab (Charles) Corp
SCHW:US","16 Jan
2026","17 Dec
2025",SELL,1K–15K,Julie Johnson,SCHW,Schwab (Charles) Corp,2025-12-17,2026-01-16 00:00:00.000000,8000.0,Sell,Stock,
"Julie Johnson
DemocratHouseTX","Chevron Corp
CVX:US","16 Jan
2026","17 Dec
2025",SELL,1K–15K,Julie Johnson,CVX,Chevron Corp,2025-12-17,2026-01-16 00:00:00.000000,8000.0,Sell,Stock,
"Julie Johnson
DemocratHouseTX","CME Group Inc
CME:US","16 Jan
2026","17 Dec
2025",SELL,1K–15K,Julie Johnson,CME,CME Group Inc,2025-12-17,2026-01-16 00:00:00.000000,8000.0,Sell,Stock,
"Julie Johnson
DemocratHouseTX","CMS Energy Corp
CMS:US","16 Jan
2026","17 Dec
2025",SELL,1K–15K,Julie Johnson,CMS,CMS Energy Corp,2025-12-17,2026-01-16 00:00:00.000000,8000.0,Sell,Stock,
"Julie Johnson
DemocratHouseTX","CMS Energy Corp
CMS:US","16 Jan
2026","8 Dec
2025",SELL,1K–15K,Julie Johnson,CMS,CMS Energy Corp,2025-12-08,2026-01-16 00:00:00.000000,8000.0,Sell,Stock,
"Julie Johnson
DemocratHouseTX","Comcast Corp
CMCSA:US","16 Jan
2026","17 Dec
2025",SELL,1K–15K,Julie Johnson,CMCSA,Comcast Corp,2025-12-17,2026-01-16 00:00:00.000000,8000.0,Sell,Stock,
"Julie Johnson
DemocratHouseTX","ConocoPhillips
COP:US","16 Jan
2026","17 Dec
2025",SELL,1K–15K,Julie Johnson,COP,ConocoPhillips,2025-12-17,2026-01-16 00:00:00.000000,8000.0,Sell,Stock,
"Julie Johnson
DemocratHouseTX","Danaher Corp
DHR:US","16 Jan
2026","17 Dec
2025",SELL,1K–15K,Julie Johnson,DHR,Danaher Corp,2025-12-17,2026-01-16 00:00:00.000000,8000.0,Sell,Stock,
"Julie Johnson
DemocratHouseTX","DEERE & COMPANY
DE:US","16 Jan
2026","17 Dec
2025",SELL,1K–15K,Julie Johnson,DE,DEERE & COMPANY,2025-12-17,2026-01-16 00:00:00.000000,8000.0,Sell,Stock,
"Julie Johnson
DemocratHouseTX","Dover Corp
DOV:US","16 Jan
2026","17 Dec
2025",SELL,1K–15K,Julie Johnson,DOV,Dover Corp,2025-12-17,2026-01-16 00:00:00.000000,8000.0,Sell,Stock,
"Julie Johnson
DemocratHouseTX","Eaton Corp PLC
ETN:US","16 Jan
2026","17 Dec
2025",SELL,1K–15K,Julie Johnson,ETN,Eaton Corp PLC,2025-12-17,2026-01-16 00:00:00.000000,8000.0,Sell,Stock,
"Julie Johnson
DemocratHouseTX","Eli Lilly and Co
LLY:US","16 Jan
2026","17 Dec
2025",SELL,1K–15K,Julie Johnson,LLY,Eli Lilly and Co,2025-12-17,2026-01-16 00:00:00.000000,8000.0,Sell,Stock,
"Julie Johnson
DemocratHouseTX","EOG Resources Inc
EOG:US","16 Jan
2026","17 Dec
2025",SELL,1K–15K,Julie Johnson,EOG,EOG Resources Inc,2025-12-17,2026-01-16 00:00:00.000000,8000.0,Sell,Stock,
"Julie Johnson
DemocratHouseTX","Fidelity National Information Services Inc
FIS:US","16 Jan
2026","17 Dec
2025",SELL,1K–15K,Julie Johnson,FIS,Fidelity National Information Services Inc,2025-12-17,2026-01-16 00:00:00.000000,8000.0,Sell,Stock,
"Julie Johnson
DemocratHouseTX","General Dynamics Corp
GD:US","16 Jan
2026","17 Dec
2025",SELL,1K–15K,Julie Johnson,GD,General Dynamics Corp,2025-12-17,2026-01-16 00:00:00.000000,8000.0,Sell,Stock,
"Julie Johnson
DemocratHouseTX","The Goldman Sachs Group Inc
GS:US","16 Jan
2026","17 Dec
2025",SELL,1K–15K,Julie Johnson,GS,The Goldman Sachs Group Inc,2025-12-17,2026-01-16 00:00:00.000000,8000.0,Sell,Stock,
"Julie Johnson
DemocratHouseTX","The Home Depot Inc
HD:US","16 Jan
2026","17 Dec
2025",SELL,1K–15K,Julie Johnson,HD,The Home Depot Inc,2025-12-17,2026-01-16 00:00:00.000000,8000.0,Sell,Stock,
"Julie Johnson
DemocratHouseTX","International Business Machines Corp
IBM:US","16 Jan
2026","17 Dec
2025",SELL,1K–15K,Julie Johnson,IBM,International Business Machines Corp,2025-12-17,2026-01-16 00:00:00.000000,8000.0,Sell,Stock,
"Julie Johnson
DemocratHouseTX","Johnson & Johnson
JNJ:US","16 Jan
2026","17 Dec
2025",SELL,1K–15K,Julie Johnson,JNJ,Johnson & Johnson,2025-12-17,2026-01-16 00:00:00.000000,8000.0,Sell,Stock,
"Julie Johnson
DemocratHouseTX","McDonald's Corp
MCD:US","16 Jan
2026","17 Dec
2025",SELL,1K–15K,Julie Johnson,MCD,McDonald's Corp,2025-12-17,2026-01-16 00:00:00.000000,8000.0,Sell,Stock,
"Julie Johnson
DemocratHouseTX","Medtronic PLC
MDT:US","16 Jan
2026","17 Dec
2025",SELL,1K–15K,Julie Johnson,MDT,Medtronic PLC,2025-12-17,2026-01-16 00:00:00.000000,8000.0,Sell,Stock,
"Julie Johnson
DemocratHouseTX","Merck & Co Inc
MRK:US","16 Jan
2026","17 Dec
2025",SELL,1K–15K,Julie Johnson,MRK,Merck & Co Inc,2025-12-17,2026-01-16 00:00:00.000000,8000.0,Sell,Stock,
"Julie Johnson
DemocratHouseTX","Microsoft Corp
MSFT:US","16 Jan
2026","17 Dec
2025",SELL,1K–15K,Julie Johnson,MSFT,Microsoft Corp,2025-12-17,2026-01-16 00:00:00.000000,8000.0,Sell,Stock,
"Julie Johnson
DemocratHouseTX","Mondelez International Inc
MDLZ:US","16 Jan
2026","17 Dec
2025",SELL,1K–15K,Julie Johnson,MDLZ,Mondelez International Inc,2025-12-17,2026-01-16 00:00:00.000000,8000.0,Sell,Stock,
"Julie Johnson
DemocratHouseTX","Morgan Stanley
MS:US","16 Jan
2026","17 Dec
2025",SELL,1K–15K,Julie Johnson,MS,Morgan Stanley,2025-12-17,2026-01-16 00:00:00.000000,8000.0,Sell,Stock,
"Julie Johnson
DemocratHouseTX","NextEra Energy Inc
NEE:US","16 Jan
2026","17 Dec
2025",SELL,1K–15K,Julie Johnson,NEE,NextEra Energy Inc,2025-12-17,2026-01-16 00:00:00.000000,8000.0,Sell,Stock,
"Julie Johnson
DemocratHouseTX","Norfolk Southern Corp
NSC:US","16 Jan
2026","17 Dec
2025",SELL,1K–15K,Julie Johnson,NSC,Norfolk Southern Corp,2025-12-17,2026-01-16 00:00:00.000000,8000.0,Sell,Stock,
"Julie Johnson
DemocratHouseTX","NXP Semiconductors NV
NXPI:US","16 Jan
2026","17 Dec
2025",SELL,1K–15K,Julie Johnson,NXPI,NXP Semiconductors NV,2025-12-17,2026-01-16 00:00:00.000000,8000.0,Sell,Stock,
"Julie Johnson
DemocratHouseTX","Packaging Corp Of America
PKG:US","16 Jan
2026","17 Dec
2025",SELL,1K–15K,Julie Johnson,PKG,Packaging Corp Of America,2025-12-17,2026-01-16 00:00:00.000000,8000.0,Sell,Stock,
"Julie Johnson
DemocratHouseTX","PepsiCo Inc
PEP:US","16 Jan
2026","17 Dec
2025",SELL,1K–15K,Julie Johnson,PEP,PepsiCo Inc,2025-12-17,2026-01-16 00:00:00.000000,8000.0,Sell,Stock,
"Julie Johnson
DemocratHouseTX","Philip Morris International Inc
PM:US","16 Jan
2026","17 Dec
2025",SELL,1K–15K,Julie Johnson,PM,Philip Morris International Inc,2025-12-17,2026-01-16 00:00:00.000000,8000.0,Sell,Stock,
"Julie Johnson
DemocratHouseTX","The Procter & Gamble Co
PG:US","16 Jan
2026","17 Dec
2025",SELL,1K–15K,Julie Johnson,PG,The Procter & Gamble Co,2025-12-17,2026-01-16 00:00:00.000000,8000.0,Sell,Stock,
"Julie Johnson
DemocratHouseTX","The Progressive Corp
PGR:US","16 Jan
2026","17 Dec
2025",SELL,1K–15K,Julie Johnson,PGR,The Progressive Corp,2025-12-17,2026-01-16 00:00:00.000000,8000.0,Sell,Stock,
"Julie Johnson
DemocratHouseTX","Public Service Enterprise Group Inc
PEG:US","16 Jan
2026","8 Dec
2025",SELL,1K–15K,Julie Johnson,PEG,Public Service Enterprise Group Inc,2025-12-08,2026-01-16 00:00:00.000000,8000.0,Sell,Stock,
"Julie Johnson
DemocratHouseTX","Republic Services Inc
RSG:US","16 Jan
2026","17 Dec
2025",SELL,1K–15K,Julie Johnson,RSG,Republic Services Inc,2025-12-17,2026-01-16 00:00:00.000000,8000.0,Sell,Stock,
"Julie Johnson
DemocratHouseTX","RTX Corp
RTX:US","16 Jan
2026","17 Dec
2025",SELL,1K–15K,Julie Johnson,RTX,RTX Corp,2025-12-17,2026-01-16 00:00:00.000000,8000.0,Sell,Stock,
"Julie Johnson
DemocratHouseTX","Seagate Technology Holdings PLC
STX:US","16 Jan
2026","17 Dec
2025",SELL,1K–15K,Julie Johnson,STX,Seagate Technology Holdings PLC,2025-12-17,2026-01-16 00:00:00.000000,8000.0,Sell,Stock,
"Julie Johnson
DemocratHouseTX","ServiceNow Inc
NOW:US","16 Jan
2026","8 Dec
2025",SELL,1K–15K,Julie Johnson,NOW,ServiceNow Inc,2025-12-08,2026-01-16 00:00:00.000000,8000.0,Sell,Stock,
"Julie Johnson
DemocratHouseTX","Texas Instruments Inc
TXN:US","16 Jan
2026","17 Dec
2025",SELL,1K–15K,Julie Johnson,TXN,Texas Instruments Inc,2025-12-17,2026-01-16 00:00:00.000000,8000.0,Sell,Stock,
"Julie Johnson
DemocratHouseTX","The Bank of New York Mellon Corp
BK:US","16 Jan
2026","17 Dec
2025",SELL,1K–15K,Julie Johnson,BK,The Bank of New York Mellon Corp,2025-12-17,2026-01-16 00:00:00.000000,8000.0,Sell,Stock,
"Julie Johnson
DemocratHouseTX","Cigna Corp
CI:US","16 Jan
2026","17 Dec
2025",SELL,1K–15K,Julie Johnson,CI,Cigna Corp,2025-12-17,2026-01-16 00:00:00.000000,8000.0,Sell,Stock,
"Julie Johnson
DemocratHouseTX","The TJX Companies Inc
TJX:US","16 Jan
2026","17 Dec
2025",SELL,1K–15K,Julie Johnson,TJX,The TJX Companies Inc,2025-12-17,2026-01-16 00:00:00.000000,8000.0,Sell,Stock,
"Julie Johnson
DemocratHouseTX","Union Pacific Corp
UNP:US","16 Jan
2026","17 Dec
2025",SELL,1K–15K,Julie Johnson,UNP,Union Pacific Corp,2025-12-17,2026-01-16 00:00:00.000000,8000.0,Sell,Stock,
"Julie Johnson
DemocratHouseTX","Unitedhealth Group Inc
UNH:US","16 Jan
2026","17 Dec
2025",SELL,1K–15K,Julie Johnson,UNH,Unitedhealth Group Inc,2025-12-17,2026-01-16 00:00:00.000000,8000.0,Sell,Stock,
"Julie Johnson
DemocratHouseTX","Verizon Communications Inc
VZ:US","16 Jan
2026","17 Dec
2025",SELL,1K–15K,Julie Johnson,VZ,Verizon Communications Inc,2025-12-17,2026-01-16 00:00:00.000000,8000.0,Sell,Stock,
"Julie Johnson
DemocratHouseTX","Walmart Inc
WMT:US","16 Jan
2026","17 Dec
2025",SELL,1K–15K,Julie Johnson,WMT,Walmart Inc,2025-12-17,2026-01-16 00:00:00.000000,8000.0,Sell,Stock,
"Julie Johnson
DemocratHouseTX","Wells Fargo & Co
WFC:US","16 Jan
2026","17 Dec
2025",SELL,1K–15K,Julie Johnson,WFC,Wells Fargo & Co,2025-12-17,2026-01-16 00:00:00.000000,8000.0,Sell,Stock,
"Julie Johnson
DemocratHouseTX","Xcel Energy Inc
XEL:US","16 Jan
2026","17 Dec
2025",SELL,1K–15K,Julie Johnson,XEL,Xcel Energy Inc,2025-12-17,2026-01-16 00:00:00.000000,8000.0,Sell,Stock,
"Tommy Tuberville
RepublicanSenateAL","The Utilities Select Sector SPDR Fund
XLU:US","15 Jan
2026","16 Dec
2025",BUY,15K–50K,Tommy Tuberville,XLU,The Utilities Select Sector SPDR Fund,2025-12-16,2026-01-15 00:00:00.000000,32500.0,Buy,Stock,
"Tommy Tuberville
RepublicanSenateAL","The Consumer Staples Select Sector SPDR Fund
XLP:US","15 Jan
2026","16 Dec
2025",BUY,15K–50K,Tommy Tuberville,XLP,The Consumer Staples Select Sector SPDR Fund,2025-12-16,2026-01-15 00:00:00.000000,32500.0,Buy,Stock,
"Tommy Tuberville
RepublicanSenateAL","The Health Care Select Sector SPDR Fund
XLV:US","15 Jan
2026","16 Dec
2025",BUY,15K–50K,Tommy Tuberville,XLV,The Health Care Select Sector SPDR Fund,2025-12-16,2026-01-15 00:00:00.000000,32500.0,Buy,Stock,
"Tommy Tuberville
RepublicanSenateAL","Apple Inc
AAPL:US","15 Jan
2026","16 Dec
2025",SELL,50K–100K,Tommy Tuberville,AAPL,Apple Inc,2025-12-16,2026-01-15 00:00:00.000000,75000.0,Sell,Stock,
"Tommy Tuberville
RepublicanSenateAL","Alphabet Inc
GOOGL:US","15 Jan
2026","16 Dec
2025",SELL,1K–15K,Tommy Tuberville,GOOGL,Alphabet Inc,2025-12-16,2026-01-15 00:00:00.000000,8000.0,Sell,Stock,
"Steve Cohen
DemocratHouseTN","Bank OZK
OZK:US","15 Jan
2026","16 Dec
2025",SELL,15K–50K,Steve Cohen,OZK,Bank OZK,2025-12-16,2026-01-15 00:00:00.000000,32500.0,Sell,Stock,
"Steve Cohen
DemocratHouseTN","COHEN & STEERS TOTAL RETURN REALTY FUND INC
N/A","15 Jan
2026","16 Dec
2025",SELL,1K–15K,Steve Cohen,,COHEN & STEERS TOTAL RETURN REALTY FUND INC,2025-12-16,2026-01-15 00:00:00.000000,8000.0,Sell,Stock,
"Steve Cohen
DemocratHouseTN","The Goldman Sachs Group Inc
GS:US","15 Jan
2026","16 Dec
2025",SELL,15K–50K,Steve Cohen,GS,The Goldman Sachs Group Inc,2025-12-16,2026-01-15 00:00:00.000000,32500.0,Sell,Stock,
"Steve Cohen
DemocratHouseTN","Morgan Stanley
MS:US","15 Jan
2026","16 Dec
2025",SELL,50K–100K,Steve Cohen,MS,Morgan Stanley,2025-12-16,2026-01-15 00:00:00.000000,75000.0,Sell,Stock,
"Josh Gottheimer
DemocratHouseNJ","Air Products and Chemicals Inc
APD:US","15 Jan
2026","7 Dec
2025",SELL,15K–50K,Josh Gottheimer,APD,Air Products and Chemicals Inc,2025-12-07,2026-01-15 00:00:00.000000,32500.0,Sell,Stock,
"Josh Gottheimer
DemocratHouseNJ","Cheniere Energy Inc
LNG:US","15 Jan
2026","11 Dec
2025",SELL,1K–15K,Josh Gottheimer,LNG,Cheniere Energy Inc,2025-12-11,2026-01-15 00:00:00.000000,8000.0,Sell,Stock,
"Josh Gottheimer
DemocratHouseNJ","ServiceNow Inc
NOW:US","15 Jan
2026","16 Dec
2025",SELL,1K–15K,Josh Gottheimer,NOW,ServiceNow Inc,2025-12-16,2026-01-15 00:00:00.000000,8000.0,Sell,Stock,
"Josh Gottheimer
DemocratHouseNJ","Uber Technologies Inc
UBER:US","15 Jan
2026","10 Dec
2025",SELL,1K–15K,Josh Gottheimer,UBER,Uber Technologies Inc,2025-12-10,2026-01-15 00:00:00.000000,8000.0,Sell,Stock,
"Josh Gottheimer
DemocratHouseNJ","UTZ BRANDS INC
UTZ:US","15 Jan
2026","7 Dec
2025",SELL,1K–15K,Josh Gottheimer,UTZ,UTZ BRANDS INC,2025-12-07,2026-01-15 00:00:00.000000,8000.0,Sell,Stock,
"Rick Larsen
DemocratHouseWA","Darden Restaurants Inc
DRI:US","15 Jan
2026","6 Jan
2026",BUY,1K–15K,Rick Larsen,DRI,Darden Restaurants Inc,2026-01-06,2026-01-15 00:00:00.000000,8000.0,Buy,Stock,
"Rick Larsen
DemocratHouseWA","Essex Property Trust Inc
ESS:US","15 Jan
2026","6 Jan
2026",SELL,1K–15K,Rick Larsen,ESS,Essex Property Trust Inc,2026-01-06,2026-01-15 00:00:00.000000,8000.0,Sell,Stock,
"Rick Larsen
DemocratHouseWA","Meta Platforms Inc
META:US","15 Jan
2026","6 Jan
2026",BUY,1K–15K,Rick Larsen,META,Meta Platforms Inc,2026-01-06,2026-01-15 00:00:00.000000,8000.0,Buy,Stock,
"Rick Larsen
DemocratHouseWA","Mondelez International Inc
MDLZ:US","15 Jan
2026","6 Jan
2026",SELL,1K–15K,Rick Larsen,MDLZ,Mondelez International Inc,2026-01-06,2026-01-15 00:00:00.000000,8000.0,Sell,Stock,
"Rick Larsen
DemocratHouseWA","VERISK ANALYTICS Inc
VRSK:US","15 Jan
2026","6 Jan
2026",SELL,1K–15K,Rick Larsen,VRSK,VERISK ANALYTICS Inc,2026-01-06,2026-01-15 00:00:00.000000,8000.0,Sell,Stock,
"Rick Larsen
DemocratHouseWA","Waste Management Inc
WM:US","15 Jan
2026","6 Jan
2026",BUY,1K–15K,Rick Larsen,WM,Waste Management Inc,2026-01-06,2026-01-15 00:00:00.000000,8000.0,Buy,Stock,
"Sheri Biggs
RepublicanHouseSC","UBS Group AG
UBS:US","15 Jan
2026","11 Dec
2025",SELL,15K–50K,Sheri Biggs,UBS,UBS Group AG,2025-12-11,2026-01-15 00:00:00.000000,32500.0,Sell,Stock,
"Julia Letlow
RepublicanHouseLA","Abbott Laboratories
ABT:US","14 Jan
2026","7 Dec
2025",SELL,1K–15K,Julia Letlow,ABT,Abbott Laboratories,2025-12-07,2026-01-14 00:00:00.000000,8000.0,Sell,Stock,
"Julia Letlow
RepublicanHouseLA","AbbVie Inc
ABBV:US","14 Jan
2026","7 Dec
2025",SELL,1K–15K,Julia Letlow,ABBV,AbbVie Inc,2025-12-07,2026-01-14 00:00:00.000000,8000.0,Sell,Stock,
"Julia Letlow
RepublicanHouseLA","Astrazeneca PLC
AZN:US","14 Jan
2026","7 Dec
2025",BUY,1K–15K,Julia Letlow,AZN,Astrazeneca PLC,2025-12-07,2026-01-14 00:00:00.000000,8000.0,Buy,Stock,
"Julia Letlow
RepublicanHouseLA","Devon Energy Corp
DVN:US","14 Jan
2026","7 Dec
2025",BUY,1K–15K,Julia Letlow,DVN,Devon Energy Corp,2025-12-07,2026-01-14 00:00:00.000000,8000.0,Buy,Stock,
"Julia Letlow
RepublicanHouseLA","ICON ENERGY CORP
N/A","14 Jan
2026","7 Dec
2025",BUY,1K–15K,Julia Letlow,,ICON ENERGY CORP,2025-12-07,2026-01-14 00:00:00.000000,8000.0,Buy,Stock,
"Julia Letlow
RepublicanHouseLA","Mettler-Toledo International Inc
MTD:US","14 Jan
2026","7 Dec
2025",SELL,1K–15K,Julia Letlow,MTD,Mettler-Toledo International Inc,2025-12-07,2026-01-14 00:00:00.000000,8000.0,Sell,Stock,
"Julia Letlow
RepublicanHouseLA","Pinterest Inc
PINS:US","14 Jan
2026","15 Dec
2025",SELL,1K–15K,Julia Letlow,PINS,Pinterest Inc,2025-12-15,2026-01-14 00:00:00.000000,8000.0,Sell,Stock,
"Julia Letlow
RepublicanHouseLA","salesforce.com Inc
CRM:US","14 Jan
2026","15 Dec
2025",SELL,1K–15K,Julia Letlow,CRM,salesforce.com Inc,2025-12-15,2026-01-14 00:00:00.000000,8000.0,Sell,Stock,
"Julia Letlow
RepublicanHouseLA","United Rentals Inc
URI:US","14 Jan
2026","15 Dec
2025",BUY,1K–15K,Julia Letlow,URI,United Rentals Inc,2025-12-15,2026-01-14 00:00:00.000000,8000.0,Buy,Stock,
"Julia Letlow
RepublicanHouseLA","US TREASURY NOTE
N/A","14 Jan
2026","16 Dec
2025",SELL,1K–15K,Julia Letlow,,US TREASURY NOTE,2025-12-16,2026-01-14 00:00:00.000000,8000.0,Sell,Stock,
"Julia Letlow
RepublicanHouseLA","US TREASURY NOTE
N/A","14 Jan
2026","16 Dec
2025",BUY,1K–15K,Julia Letlow,,US TREASURY NOTE,2025-12-16,2026-01-14 00:00:00.000000,8000.0,Buy,Stock,
"Julia Letlow
RepublicanHouseLA","Warner Bros Discover Inc
WBD:US","14 Jan
2026","7 Dec
2025",SELL,1K–15K,Julia Letlow,WBD,Warner Bros Discover Inc,2025-12-07,2026-01-14 00:00:00.000000,8000.0,Sell,Stock,
"Julia Letlow
RepublicanHouseLA","Waters Corp
WAT:US","14 Jan
2026","7 Dec
2025",BUY,1K–15K,Julia Letlow,WAT,Waters Corp,2025-12-07,2026-01-14 00:00:00.000000,8000.0,Buy,Stock,
"Markwayne Mullin
RepublicanSenateOK","Iron Mountain Inc
IRM:US","13 Jan
2026","17 Dec
2025",SELL,1K–15K,Markwayne Mullin,IRM,Iron Mountain Inc,2025-12-17,2026-01-13 00:00:00.000000,8000.0,Sell,Stock,
"Markwayne Mullin
RepublicanSenateOK","Primo Water Corp
PRMW:US","13 Jan
2026","16 Dec
2025",SELL,1K–15K,Markwayne Mullin,PRMW,Primo Water Corp,2025-12-16,2026-01-13 00:00:00.000000,8000.0,Sell,Stock,
"Markwayne Mullin
RepublicanSenateOK","Primo Water Corp
PRMW:US","13 Jan
2026","17 Dec
2025",SELL,1K–15K,Markwayne Mullin,PRMW,Primo Water Corp,2025-12-17,2026-01-13 00:00:00.000000,8000.0,Sell,Stock,
"Markwayne Mullin
RepublicanSenateOK","MasTec Inc
MTZ:US","13 Jan
2026","17 Dec
2025",SELL,15K–50K,Markwayne Mullin,MTZ,MasTec Inc,2025-12-17,2026-01-13 00:00:00.000000,32500.0,Sell,Stock,
"Markwayne Mullin
RepublicanSenateOK","Stride Inc
LRN:US","13 Jan
2026","17 Dec
2025",SELL,1K–15K,Markwayne Mullin,LRN,Stride Inc,2025-12-17,2026-01-13 00:00:00.000000,8000.0,Sell,Stock,
"Markwayne Mullin
RepublicanSenateOK","Iron Mountain Inc
IRM:US","13 Jan
2026","17 Dec
2025",SELL,15K–50K,Markwayne Mullin,IRM,Iron Mountain Inc,2025-12-17,2026-01-13 00:00:00.000000,32500.0,Sell,Stock,
"Markwayne Mullin
RepublicanSenateOK","The Goldman Sachs Group Inc
GS:US","13 Jan
2026","17 Dec
2025",SELL,15K–50K,Markwayne Mullin,GS,The Goldman Sachs Group Inc,2025-12-17,2026-01-13 00:00:00.000000,32500.0,Sell,Stock,
"Markwayne Mullin
RepublicanSenateOK","Dell Technologies Inc
DELL:US","13 Jan
2026","17 Dec
2025",SELL,15K–50K,Markwayne Mullin,DELL,Dell Technologies Inc,2025-12-17,2026-01-13 00:00:00.000000,32500.0,Sell,Stock,
"Markwayne Mullin
RepublicanSenateOK","CREDO TECH GROUP HOLDING LTD
N/A","13 Jan
2026","17 Dec
2025",SELL,15K–50K,Markwayne Mullin,,CREDO TECH GROUP HOLDING LTD,2025-12-17,2026-01-13 00:00:00.000000,32500.0,Sell,Stock,
"Markwayne Mullin
RepublicanSenateOK","Coherent Corp
COHR:US","13 Jan
2026","17 Dec
2025",SELL,15K–50K,Markwayne Mullin,COHR,Coherent Corp,2025-12-17,2026-01-13 00:00:00.000000,32500.0,Sell,Stock,
"Markwayne Mullin
RepublicanSenateOK","Applied Industrial Technologies Inc
AIT:US","13 Jan
2026","17 Dec
2025",SELL,15K–50K,Markwayne Mullin,AIT,Applied Industrial Technologies Inc,2025-12-17,2026-01-13 00:00:00.000000,32500.0,Sell,Stock,
"Mitch McConnell
RepublicanSenateKY","LUMINAR TECHNOLOGIES INC
LAZR:US","13 Jan
2026","23 Dec
2025",SELL,1K–15K,Mitch McConnell,LAZR,LUMINAR TECHNOLOGIES INC,2025-12-23,2026-01-13 00:00:00.000000,8000.0,Sell,Stock,
"John Boozman
RepublicanSenateAR","Wells Fargo & Co
WFC:US","13 Jan
2026","16 Dec
2025",BUY,1K–15K,John Boozman,WFC,Wells Fargo & Co,2025-12-16,2026-01-13 00:00:00.000000,8000.0,Buy,Stock,
"John Boozman
RepublicanSenateAR","SUPER MICRO COMPUTER INC
SMCI:US","13 Jan
2026","10 Dec
2025",BUY,1K–15K,John Boozman,SMCI,SUPER MICRO COMPUTER INC,2025-12-10,2026-01-13 00:00:00.000000,8000.0,Buy,Stock,
"John Boozman
RepublicanSenateAR","STATE STREET SPDR PORTFOLIO S&P 500 ETF
N/A","13 Jan
2026","23 Dec
2025",BUY,15K–50K,John Boozman,,STATE STREET SPDR PORTFOLIO S&P 500 ETF,2025-12-23,2026-01-13 00:00:00.000000,32500.0,Buy,Stock,
"John Boozman
RepublicanSenateAR","Microsoft Corp
MSFT:US","13 Jan
2026","16 Dec
2025",BUY,1K–15K,John Boozman,MSFT,Microsoft Corp,2025-12-16,2026-01-13 00:00:00.000000,8000.0,Buy,Stock,
"John Boozman
RepublicanSenateAR","iShares S&P 500 Growth ETF
IVW:US","13 Jan
2026","30 Dec
2025",BUY,1K–15K,John Boozman,IVW,iShares S&P 500 Growth ETF,2025-12-30,2026-01-13 00:00:00.000000,8000.0,Buy,Stock,
"John Boozman
RepublicanSenateAR","iShares Core S&P Small-Cap ETF
IJR:US","13 Jan
2026","25 Dec
2025",BUY,1K–15K,John Boozman,IJR,iShares Core S&P Small-Cap ETF,2025-12-25,2026-01-13 00:00:00.000000,8000.0,Buy,Stock,
"John Boozman
RepublicanSenateAR","Arista Networks Inc
ANET:US","13 Jan
2026","10 Dec
2025",BUY,1K–15K,John Boozman,ANET,Arista Networks Inc,2025-12-10,2026-01-13 00:00:00.000000,8000.0,Buy,Stock,
"John Boozman
RepublicanSenateAR","Apple Inc
AAPL:US","13 Jan
2026","16 Dec
2025",BUY,1K–15K,John Boozman,AAPL,Apple Inc,2025-12-16,2026-01-13 00:00:00.000000,8000.0,Buy,Stock,
"John Boozman
RepublicanSenateAR","SUPER MICRO COMPUTER INC
SMCI:US","13 Jan
2026","30 Dec
2025",SELL,1K–15K,John Boozman,SMCI,SUPER MICRO COMPUTER INC,2025-12-30,2026-01-13 00:00:00.000000,8000.0,Sell,Stock,
"John Boozman
RepublicanSenateAR","SPDR S&P Regional Banking ETF
KRE:US","13 Jan
2026","25 Dec
2025",SELL,1K–15K,John Boozman,KRE,SPDR S&P Regional Banking ETF,2025-12-25,2026-01-13 00:00:00.000000,8000.0,Sell,Stock,
"John Boozman
RepublicanSenateAR","Motorola Solutions Inc
MSI:US","13 Jan
2026","16 Dec
2025",SELL,1K–15K,John Boozman,MSI,Motorola Solutions Inc,2025-12-16,2026-01-13 00:00:00.000000,8000.0,Sell,Stock,
"John Boozman
RepublicanSenateAR","iShares Silver Trust
SLV:US","13 Jan
2026","23 Dec
2025",SELL,1K–15K,John Boozman,SLV,iShares Silver Trust,2025-12-23,2026-01-13 00:00:00.000000,8000.0,Sell,Stock,
"John Boozman
RepublicanSenateAR","INVESCO SHORT TERM TREAS ETF
TBLL:US","13 Jan
2026","10 Dec
2025",SELL,1K–15K,John Boozman,TBLL,INVESCO SHORT TERM TREAS ETF,2025-12-10,2026-01-13 00:00:00.000000,8000.0,Sell,Stock,
"John Boozman
RepublicanSenateAR","Boston Scientific Corp
BSX:US","13 Jan
2026","16 Dec
2025",SELL,1K–15K,John Boozman,BSX,Boston Scientific Corp,2025-12-16,2026-01-13 00:00:00.000000,8000.0,Sell,Stock,
"John Boozman
RepublicanSenateAR","ABRDN PHYSICAL PLATIN SH ETF
PPLT:US","13 Jan
2026","23 Dec
2025",SELL,1K–15K,John Boozman,PPLT,ABRDN PHYSICAL PLATIN SH ETF,2025-12-23,2026-01-13 00:00:00.000000,8000.0,Sell,Stock,
"John Boozman
RepublicanSenateAR","ABRDN PHYSICAL PALLAD SH ETF
PALL:US","13 Jan
2026","23 Dec
2025",SELL,1K–15K,John Boozman,PALL,ABRDN PHYSICAL PALLAD SH ETF,2025-12-23,2026-01-13 00:00:00.000000,8000.0,Sell,Stock,
"Suzan DelBene
DemocratHouseWA","TARRANT COUNTY CULTURAL EDUCATION FACILITIES FINAN
N/A","13 Jan
2026","16 Dec
2025",BUY,1K–15K,Suzan DelBene,,TARRANT COUNTY CULTURAL EDUCATION FACILITIES FINAN,2025-12-16,2026-01-13 00:00:00.000000,8000.0,Buy,Stock,
"Debbie Dingell
DemocratHouseMI","VERSANT MEDIA GROUP INC
N/A","13 Jan
2026","4 Jan
2026",EXCHANGE,1K–15K,Debbie Dingell,,VERSANT MEDIA GROUP INC,2026-01-04,2026-01-13 00:00:00.000000,8000.0,Exchange,Stock,
"Gil Cisneros
DemocratHouseCA","Abbott Laboratories
ABT:US","13 Jan
2026","18 Dec
2025",SELL,1K–15K,Gil Cisneros,ABT,Abbott Laboratories,2025-12-18,2026-01-13 00:00:00.000000,8000.0,Sell,Stock,
"Gil Cisneros
DemocratHouseCA","Accenture PLC
ACN:US","13 Jan
2026","18 Dec
2025",BUY,1K–15K,Gil Cisneros,ACN,Accenture PLC,2025-12-18,2026-01-13 00:00:00.000000,8000.0,Buy,Stock,
"Gil Cisneros
DemocratHouseCA","Advanced Micro Devices Inc
AMD:US","13 Jan
2026","18 Dec
2025",SELL,15K–50K,Gil Cisneros,AMD,Advanced Micro Devices Inc,2025-12-18,2026-01-13 00:00:00.000000,32500.0,Sell,Stock,
"Gil Cisneros
DemocratHouseCA","AEROVIRONMENT INC
N/A","13 Jan
2026","14 Dec
2025",BUY,1K–15K,Gil Cisneros,,AEROVIRONMENT INC,2025-12-14,2026-01-13 00:00:00.000000,8000.0,Buy,Stock,
"Gil Cisneros
DemocratHouseCA","Agios Pharmaceuticals Inc
AGIO:US","13 Jan
2026","10 Dec
2025",BUY,1K–15K,Gil Cisneros,AGIO,Agios Pharmaceuticals Inc,2025-12-10,2026-01-13 00:00:00.000000,8000.0,Buy,Stock,
"Gil Cisneros
DemocratHouseCA","Ajinomoto Co Inc
AJINY:US","13 Jan
2026","25 Dec
2025",SELL,1K–15K,Gil Cisneros,AJINY,Ajinomoto Co Inc,2025-12-25,2026-01-13 00:00:00.000000,8000.0,Sell,Stock,
"Gil Cisneros
DemocratHouseCA","Alexandria Real Estate Equities Inc
ARE:US","13 Jan
2026","18 Dec
2025",SELL,1K–15K,Gil Cisneros,ARE,Alexandria Real Estate Equities Inc,2025-12-18,2026-01-13 00:00:00.000000,8000.0,Sell,Stock,
"Gil Cisneros
DemocratHouseCA","Alibaba Group Holding Ltd
BABA:US","13 Jan
2026","29 Dec
2025",SELL,1K–15K,Gil Cisneros,BABA,Alibaba Group Holding Ltd,2025-12-29,2026-01-13 00:00:00.000000,8000.0,Sell,Stock,
"Gil Cisneros
DemocratHouseCA","Amazon.com Inc
AMZN:US","13 Jan
2026","18 Dec
2025",SELL,1K–15K,Gil Cisneros,AMZN,Amazon.com Inc,2025-12-18,2026-01-13 00:00:00.000000,8000.0,Sell,Stock,
"Gil Cisneros
DemocratHouseCA","Amazon.com Inc
AMZN:US","13 Jan
2026","23 Dec
2025",SELL,1K–15K,Gil Cisneros,AMZN,Amazon.com Inc,2025-12-23,2026-01-13 00:00:00.000000,8000.0,Sell,Stock,
"Gil Cisneros
DemocratHouseCA","Amcor PLC
AMCR:US","13 Jan
2026","18 Dec
2025",SELL,1K–15K,Gil Cisneros,AMCR,Amcor PLC,2025-12-18,2026-01-13 00:00:00.000000,8000.0,Sell,Stock,
"Gil Cisneros
DemocratHouseCA","APPLOVIN CORP
APP:US","13 Jan
2026","18 Dec
2025",BUY,1K–15K,Gil Cisneros,APP,APPLOVIN CORP,2025-12-18,2026-01-13 00:00:00.000000,8000.0,Buy,Stock,
"Gil Cisneros
DemocratHouseCA","Aramark
ARMK:US","13 Jan
2026","9 Dec
2025",BUY,1K–15K,Gil Cisneros,ARMK,Aramark,2025-12-09,2026-01-13 00:00:00.000000,8000.0,Buy,Stock,
"Gil Cisneros
DemocratHouseCA","ARCUTIS BIOTHERAPEUTICS INC
ARQT:US","13 Jan
2026","10 Dec
2025",SELL,1K–15K,Gil Cisneros,ARQT,ARCUTIS BIOTHERAPEUTICS INC,2025-12-10,2026-01-13 00:00:00.000000,8000.0,Sell,Stock,
"Gil Cisneros
DemocratHouseCA","Arista Networks Inc
ANET:US","13 Jan
2026","23 Dec
2025",SELL,1K–15K,Gil Cisneros,ANET,Arista Networks Inc,2025-12-23,2026-01-13 00:00:00.000000,8000.0,Sell,Stock,
"Gil Cisneros
DemocratHouseCA","Arthur J. Gallagher & Co
AJG:US","13 Jan
2026","18 Dec
2025",BUY,1K–15K,Gil Cisneros,AJG,Arthur J. Gallagher & Co,2025-12-18,2026-01-13 00:00:00.000000,8000.0,Buy,Stock,
"Gil Cisneros
DemocratHouseCA","Astrazeneca PLC
AZN:US","13 Jan
2026","17 Dec
2025",BUY,1K–15K,Gil Cisneros,AZN,Astrazeneca PLC,2025-12-17,2026-01-13 00:00:00.000000,8000.0,Buy,Stock,
"Gil Cisneros
DemocratHouseCA","AutoZone Inc
AZO:US","13 Jan
2026","23 Dec
2025",SELL,1K–15K,Gil Cisneros,AZO,AutoZone Inc,2025-12-23,2026-01-13 00:00:00.000000,8000.0,Sell,Stock,
"Gil Cisneros
DemocratHouseCA","Baker Hughes a GE Co
BKR:US","13 Jan
2026","18 Dec
2025",BUY,1K–15K,Gil Cisneros,BKR,Baker Hughes a GE Co,2025-12-18,2026-01-13 00:00:00.000000,8000.0,Buy,Stock,
"Gil Cisneros
DemocratHouseCA","Berkshire Hathaway Inc
BRK/B:US","13 Jan
2026","23 Dec
2025",SELL,1K–15K,Gil Cisneros,BRK/B,Berkshire Hathaway Inc,2025-12-23,2026-01-13 00:00:00.000000,8000.0,Sell,Stock,
"Gil Cisneros
DemocratHouseCA","Block Inc
SQ:US","13 Jan
2026","18 Dec
2025",BUY,1K–15K,Gil Cisneros,SQ,Block Inc,2025-12-18,2026-01-13 00:00:00.000000,8000.0,Buy,Stock,
"Gil Cisneros
DemocratHouseCA","Bloom Energy Corp
BE:US","13 Jan
2026","23 Dec
2025",SELL,1K–15K,Gil Cisneros,BE,Bloom Energy Corp,2025-12-23,2026-01-13 00:00:00.000000,8000.0,Sell,Stock,
"Gil Cisneros
DemocratHouseCA","Boeing Co
BA:US","13 Jan
2026","18 Dec
2025",BUY,1K–15K,Gil Cisneros,BA,Boeing Co,2025-12-18,2026-01-13 00:00:00.000000,8000.0,Buy,Stock,
"Gil Cisneros
DemocratHouseCA","Booking Holdings Inc
BKNG:US","13 Jan
2026","18 Dec
2025",BUY,1K–15K,Gil Cisneros,BKNG,Booking Holdings Inc,2025-12-18,2026-01-13 00:00:00.000000,8000.0,Buy,Stock,
"Gil Cisneros
DemocratHouseCA","Boston Scientific Corp
BSX:US","13 Jan
2026","23 Dec
2025",SELL,1K–15K,Gil Cisneros,BSX,Boston Scientific Corp,2025-12-23,2026-01-13 00:00:00.000000,8000.0,Sell,Stock,
"Gil Cisneros
DemocratHouseCA","Bristol-Myers Squibb Co
BMY:US","13 Jan
2026","18 Dec
2025",BUY,1K–15K,Gil Cisneros,BMY,Bristol-Myers Squibb Co,2025-12-18,2026-01-13 00:00:00.000000,8000.0,Buy,Stock,
"Gil Cisneros
DemocratHouseCA","Broadcom Inc
AVGO:US","13 Jan
2026","16 Dec
2025",BUY,1K–15K,Gil Cisneros,AVGO,Broadcom Inc,2025-12-16,2026-01-13 00:00:00.000000,8000.0,Buy,Stock,
"Gil Cisneros
DemocratHouseCA","Boston Properties Inc
BXP:US","13 Jan
2026","18 Dec
2025",SELL,1K–15K,Gil Cisneros,BXP,Boston Properties Inc,2025-12-18,2026-01-13 00:00:00.000000,8000.0,Sell,Stock,
"Gil Cisneros
DemocratHouseCA","STATE OF CALIFORNIA DEPARTMENT OF WATER RESOURCES
N/A","13 Jan
2026","9 Dec
2025",BUY,100K–250K,Gil Cisneros,,STATE OF CALIFORNIA DEPARTMENT OF WATER RESOURCES,2025-12-09,2026-01-13 00:00:00.000000,175000.0,Buy,Stock,
"Gil Cisneros
DemocratHouseCA","Cameco Corp
CCJ:US","13 Jan
2026","23 Dec
2025",SELL,1K–15K,Gil Cisneros,CCJ,Cameco Corp,2025-12-23,2026-01-13 00:00:00.000000,8000.0,Sell,Stock,
"Gil Cisneros
DemocratHouseCA","Canadian Pacific Railway Ltd
CP:US","13 Jan
2026","9 Dec
2025",BUY,1K–15K,Gil Cisneros,CP,Canadian Pacific Railway Ltd,2025-12-09,2026-01-13 00:00:00.000000,8000.0,Buy,Stock,
"Gil Cisneros
DemocratHouseCA","Cboe Global Markets Inc
CBOE:US","13 Jan
2026","18 Dec
2025",SELL,1K–15K,Gil Cisneros,CBOE,Cboe Global Markets Inc,2025-12-18,2026-01-13 00:00:00.000000,8000.0,Sell,Stock,
"Gil Cisneros
DemocratHouseCA","Schwab (Charles) Corp
SCHW:US","13 Jan
2026","9 Dec
2025",SELL,1K–15K,Gil Cisneros,SCHW,Schwab (Charles) Corp,2025-12-09,2026-01-13 00:00:00.000000,8000.0,Sell,Stock,
"Gil Cisneros
DemocratHouseCA","Chevron Corp
CVX:US","13 Jan
2026","23 Dec
2025",SELL,1K–15K,Gil Cisneros,CVX,Chevron Corp,2025-12-23,2026-01-13 00:00:00.000000,8000.0,Sell,Stock,
"Gil Cisneros
DemocratHouseCA","The Clorox Co
CLX:US","13 Jan
2026","18 Dec
2025",BUY,1K–15K,Gil Cisneros,CLX,The Clorox Co,2025-12-18,2026-01-13 00:00:00.000000,8000.0,Buy,Stock,
"Gil Cisneros
DemocratHouseCA","Cloudflare Inc
NET:US","13 Jan
2026","23 Dec
2025",SELL,1K–15K,Gil Cisneros,NET,Cloudflare Inc,2025-12-23,2026-01-13 00:00:00.000000,8000.0,Sell,Stock,
"Gil Cisneros
DemocratHouseCA","Coinbase Global Inc
COIN:US","13 Jan
2026","23 Dec
2025",SELL,1K–15K,Gil Cisneros,COIN,Coinbase Global Inc,2025-12-23,2026-01-13 00:00:00.000000,8000.0,Sell,Stock,
"Gil Cisneros
DemocratHouseCA","Coinbase Global Inc
COIN:US","13 Jan
2026","18 Dec
2025",SELL,1K–15K,Gil Cisneros,COIN,Coinbase Global Inc,2025-12-18,2026-01-13 00:00:00.000000,8000.0,Sell,Stock,
"Gil Cisneros
DemocratHouseCA","Conagra Brands Inc
CAG:US","13 Jan
2026","18 Dec
2025",SELL,1K–15K,Gil Cisneros,CAG,Conagra Brands Inc,2025-12-18,2026-01-13 00:00:00.000000,8000.0,Sell,Stock,
"Gil Cisneros
DemocratHouseCA","Constellation Brands Inc
STZ:US","13 Jan
2026","18 Dec
2025",BUY,1K–15K,Gil Cisneros,STZ,Constellation Brands Inc,2025-12-18,2026-01-13 00:00:00.000000,8000.0,Buy,Stock,
"Gil Cisneros
DemocratHouseCA","CoStar Group Inc
CSGP:US","13 Jan
2026","9 Dec
2025",BUY,1K–15K,Gil Cisneros,CSGP,CoStar Group Inc,2025-12-09,2026-01-13 00:00:00.000000,8000.0,Buy,Stock,
"Gil Cisneros
DemocratHouseCA","Costco Wholesale Corp
COST:US","13 Jan
2026","23 Dec
2025",SELL,1K–15K,Gil Cisneros,COST,Costco Wholesale Corp,2025-12-23,2026-01-13 00:00:00.000000,8000.0,Sell,Stock,
"Gil Cisneros
DemocratHouseCA","Coterra Energy Inc
CTRA:US","13 Jan
2026","18 Dec
2025",SELL,1K–15K,Gil Cisneros,CTRA,Coterra Energy Inc,2025-12-18,2026-01-13 00:00:00.000000,8000.0,Sell,Stock,
"Gil Cisneros
DemocratHouseCA","Crown Castle International Corp
CCI:US","13 Jan
2026","18 Dec
2025",SELL,1K–15K,Gil Cisneros,CCI,Crown Castle International Corp,2025-12-18,2026-01-13 00:00:00.000000,8000.0,Sell,Stock,
"Gil Cisneros
DemocratHouseCA","DoorDash Inc
DASH:US","13 Jan
2026","9 Dec
2025",BUY,1K–15K,Gil Cisneros,DASH,DoorDash Inc,2025-12-09,2026-01-13 00:00:00.000000,8000.0,Buy,Stock,
"Gil Cisneros
DemocratHouseCA","DoorDash Inc
DASH:US","13 Jan
2026","18 Dec
2025",BUY,1K–15K,Gil Cisneros,DASH,DoorDash Inc,2025-12-18,2026-01-13 00:00:00.000000,8000.0,Buy,Stock,
"Gil Cisneros
DemocratHouseCA","Eaton Corp PLC
ETN:US","13 Jan
2026","23 Dec
2025",SELL,1K–15K,Gil Cisneros,ETN,Eaton Corp PLC,2025-12-23,2026-01-13 00:00:00.000000,8000.0,Sell,Stock,
"Gil Cisneros
DemocratHouseCA","Erie Indemnity Co
ERIE:US","13 Jan
2026","18 Dec
2025",BUY,1K–15K,Gil Cisneros,ERIE,Erie Indemnity Co,2025-12-18,2026-01-13 00:00:00.000000,8000.0,Buy,Stock,
"Gil Cisneros
DemocratHouseCA","Chesapeake Energy Corp
EXE:US","13 Jan
2026","18 Dec
2025",SELL,1K–15K,Gil Cisneros,EXE,Chesapeake Energy Corp,2025-12-18,2026-01-13 00:00:00.000000,8000.0,Sell,Stock,
"Gil Cisneros
DemocratHouseCA","Fair Isaac Corporation
FICO:US","13 Jan
2026","18 Dec
2025",BUY,1K–15K,Gil Cisneros,FICO,Fair Isaac Corporation,2025-12-18,2026-01-13 00:00:00.000000,8000.0,Buy,Stock,
"Gil Cisneros
DemocratHouseCA","Ferrari NV
RACE:US","13 Jan
2026","17 Dec
2025",SELL,1K–15K,Gil Cisneros,RACE,Ferrari NV,2025-12-17,2026-01-13 00:00:00.000000,8000.0,Sell,Stock,
"Gil Cisneros
DemocratHouseCA","Fidelity National Information Services Inc
FIS:US","13 Jan
2026","18 Dec
2025",BUY,1K–15K,Gil Cisneros,FIS,Fidelity National Information Services Inc,2025-12-18,2026-01-13 00:00:00.000000,8000.0,Buy,Stock,
"Gil Cisneros
DemocratHouseCA","Fiserv Inc
FISV:US","13 Jan
2026","18 Dec
2025",BUY,1K–15K,Gil Cisneros,FISV,Fiserv Inc,2025-12-18,2026-01-13 00:00:00.000000,8000.0,Buy,Stock,
"Gil Cisneros
DemocratHouseCA","Flex Ltd
FLEX:US","13 Jan
2026","9 Dec
2025",SELL,15K–50K,Gil Cisneros,FLEX,Flex Ltd,2025-12-09,2026-01-13 00:00:00.000000,32500.0,Sell,Stock,
"Gil Cisneros
DemocratHouseCA","GE VERNOVA INC
GEV:US","13 Jan
2026","18 Dec
2025",BUY,1K–15K,Gil Cisneros,GEV,GE VERNOVA INC,2025-12-18,2026-01-13 00:00:00.000000,8000.0,Buy,Stock,
"Gil Cisneros
DemocratHouseCA","General Mills Inc
GIS:US","13 Jan
2026","18 Dec
2025",BUY,1K–15K,Gil Cisneros,GIS,General Mills Inc,2025-12-18,2026-01-13 00:00:00.000000,8000.0,Buy,Stock,
"Gil Cisneros
DemocratHouseCA","GLOBAL PAYMENTS Inc
GPN:US","13 Jan
2026","9 Dec
2025",SELL,15K–50K,Gil Cisneros,GPN,GLOBAL PAYMENTS Inc,2025-12-09,2026-01-13 00:00:00.000000,32500.0,Sell,Stock,
"Gil Cisneros
DemocratHouseCA","GLOBAL PAYMENTS Inc
GPN:US","13 Jan
2026","18 Dec
2025",SELL,1K–15K,Gil Cisneros,GPN,GLOBAL PAYMENTS Inc,2025-12-18,2026-01-13 00:00:00.000000,8000.0,Sell,Stock,
"Gil Cisneros
DemocratHouseCA","Halliburton Co
HAL:US","13 Jan
2026","18 Dec
2025",SELL,1K–15K,Gil Cisneros,HAL,Halliburton Co,2025-12-18,2026-01-13 00:00:00.000000,8000.0,Sell,Stock,
"Gil Cisneros
DemocratHouseCA","Hermes International SA
HESAY:US","13 Jan
2026","29 Dec
2025",SELL,1K–15K,Gil Cisneros,HESAY,Hermes International SA,2025-12-29,2026-01-13 00:00:00.000000,8000.0,Sell,Stock,
"Gil Cisneros
DemocratHouseCA","The Home Depot Inc
HD:US","13 Jan
2026","23 Dec
2025",SELL,1K–15K,Gil Cisneros,HD,The Home Depot Inc,2025-12-23,2026-01-13 00:00:00.000000,8000.0,Sell,Stock,
"Gil Cisneros
DemocratHouseCA","International Business Machines Corp
IBM:US","13 Jan
2026","18 Dec
2025",BUY,1K–15K,Gil Cisneros,IBM,International Business Machines Corp,2025-12-18,2026-01-13 00:00:00.000000,8000.0,Buy,Stock,
"Gil Cisneros
DemocratHouseCA","Intuitive Surgical Inc
ISRG:US","13 Jan
2026","9 Dec
2025",BUY,1K–15K,Gil Cisneros,ISRG,Intuitive Surgical Inc,2025-12-09,2026-01-13 00:00:00.000000,8000.0,Buy,Stock,
"Gil Cisneros
DemocratHouseCA","Invitation Homes Inc
INVH:US","13 Jan
2026","18 Dec
2025",BUY,1K–15K,Gil Cisneros,INVH,Invitation Homes Inc,2025-12-18,2026-01-13 00:00:00.000000,8000.0,Buy,Stock,
"Gil Cisneros
DemocratHouseCA","ITT Inc
ITT:US","13 Jan
2026","10 Dec
2025",BUY,1K–15K,Gil Cisneros,ITT,ITT Inc,2025-12-10,2026-01-13 00:00:00.000000,8000.0,Buy,Stock,
"Gil Cisneros
DemocratHouseCA","Kellogg Co
K:US","13 Jan
2026","10 Dec
2025",SELL,1K–15K,Gil Cisneros,K,Kellogg Co,2025-12-10,2026-01-13 00:00:00.000000,8000.0,Sell,Stock,
"Gil Cisneros
DemocratHouseCA","Lennar Corp
LEN:US","13 Jan
2026","18 Dec
2025",SELL,1K–15K,Gil Cisneros,LEN,Lennar Corp,2025-12-18,2026-01-13 00:00:00.000000,8000.0,Sell,Stock,
"Gil Cisneros
DemocratHouseCA","Linde PLC
LIN:US","13 Jan
2026","18 Dec
2025",BUY,1K–15K,Gil Cisneros,LIN,Linde PLC,2025-12-18,2026-01-13 00:00:00.000000,8000.0,Buy,Stock,
"Gil Cisneros
DemocratHouseCA","Lockheed Martin Corp
LMT:US","13 Jan
2026","18 Dec
2025",SELL,1K–15K,Gil Cisneros,LMT,Lockheed Martin Corp,2025-12-18,2026-01-13 00:00:00.000000,8000.0,Sell,Stock,
"Gil Cisneros
DemocratHouseCA","DEPARTMENT OF WATER AND POWER OF CITY OF LOS ANGELES
N/A","13 Jan
2026","9 Dec
2025",SELL,250K–500K,Gil Cisneros,,DEPARTMENT OF WATER AND POWER OF CITY OF LOS ANGELES,2025-12-09,2026-01-13 00:00:00.000000,375000.0,Sell,Stock,
"Gil Cisneros
DemocratHouseCA","LPL Financial Holdings Inc
LPLA:US","13 Jan
2026","9 Dec
2025",BUY,1K–15K,Gil Cisneros,LPLA,LPL Financial Holdings Inc,2025-12-09,2026-01-13 00:00:00.000000,8000.0,Buy,Stock,
"Gil Cisneros
DemocratHouseCA","McKesson Corp
MCK:US","13 Jan
2026","18 Dec
2025",SELL,1K–15K,Gil Cisneros,MCK,McKesson Corp,2025-12-18,2026-01-13 00:00:00.000000,8000.0,Sell,Stock,
"Gil Cisneros
DemocratHouseCA","MercadoLibre Inc
MELI:US","13 Jan
2026","23 Dec
2025",SELL,1K–15K,Gil Cisneros,MELI,MercadoLibre Inc,2025-12-23,2026-01-13 00:00:00.000000,8000.0,Sell,Stock,
"Gil Cisneros
DemocratHouseCA","Merck & Co Inc
MRK:US","13 Jan
2026","18 Dec
2025",BUY,1K–15K,Gil Cisneros,MRK,Merck & Co Inc,2025-12-18,2026-01-13 00:00:00.000000,8000.0,Buy,Stock,
"Gil Cisneros
DemocratHouseCA","Meta Platforms Inc
META:US","13 Jan
2026","23 Dec
2025",SELL,1K–15K,Gil Cisneros,META,Meta Platforms Inc,2025-12-23,2026-01-13 00:00:00.000000,8000.0,Sell,Stock,
"Gil Cisneros
DemocratHouseCA","Microsoft Corp
MSFT:US","13 Jan
2026","18 Dec
2025",SELL,15K–50K,Gil Cisneros,MSFT,Microsoft Corp,2025-12-18,2026-01-13 00:00:00.000000,32500.0,Sell,Stock,
"Gil Cisneros
DemocratHouseCA","MITSUBISHI HEAVY INDUST LTD
MHVIY:US","13 Jan
2026","25 Dec
2025",SELL,1K–15K,Gil Cisneros,MHVIY,MITSUBISHI HEAVY INDUST LTD,2025-12-25,2026-01-13 00:00:00.000000,8000.0,Sell,Stock,
"Gil Cisneros
DemocratHouseCA","Mitsubishi UFJ Financial Group
MUFG:US","13 Jan
2026","18 Dec
2025",BUY,1K–15K,Gil Cisneros,MUFG,Mitsubishi UFJ Financial Group,2025-12-18,2026-01-13 00:00:00.000000,8000.0,Buy,Stock,
"Gil Cisneros
DemocratHouseCA","Netflix Inc
NFLX:US","13 Jan
2026","9 Dec
2025",SELL,1K–15K,Gil Cisneros,NFLX,Netflix Inc,2025-12-09,2026-01-13 00:00:00.000000,8000.0,Sell,Stock,
"Gil Cisneros
DemocratHouseCA","Nintendo Co Ltd
NTDOY:US","13 Jan
2026","25 Dec
2025",SELL,1K–15K,Gil Cisneros,NTDOY,Nintendo Co Ltd,2025-12-25,2026-01-13 00:00:00.000000,8000.0,Sell,Stock,
"Gil Cisneros
DemocratHouseCA","NVIDIA Corporation
NVDA:US","13 Jan
2026","23 Dec
2025",SELL,1K–15K,Gil Cisneros,NVDA,NVIDIA Corporation,2025-12-23,2026-01-13 00:00:00.000000,8000.0,Sell,Stock,
"Gil Cisneros
DemocratHouseCA","NVIDIA Corporation
NVDA:US","13 Jan
2026","18 Dec
2025",SELL,15K–50K,Gil Cisneros,NVDA,NVIDIA Corporation,2025-12-18,2026-01-13 00:00:00.000000,32500.0,Sell,Stock,
"Gil Cisneros
DemocratHouseCA","Oracle Corp
ORCL:US","13 Jan
2026","18 Dec
2025",SELL,1K–15K,Gil Cisneros,ORCL,Oracle Corp,2025-12-18,2026-01-13 00:00:00.000000,8000.0,Sell,Stock,
"Gil Cisneros
DemocratHouseCA","Oracle Corp
ORCL:US","13 Jan
2026","23 Dec
2025",SELL,1K–15K,Gil Cisneros,ORCL,Oracle Corp,2025-12-23,2026-01-13 00:00:00.000000,8000.0,Sell,Stock,
"Gil Cisneros
DemocratHouseCA","Pfizer Inc
PFE:US","13 Jan
2026","18 Dec
2025",SELL,1K–15K,Gil Cisneros,PFE,Pfizer Inc,2025-12-18,2026-01-13 00:00:00.000000,8000.0,Sell,Stock,
"Gil Cisneros
DemocratHouseCA","Primoris Services Corp
PRIM:US","13 Jan
2026","10 Dec
2025",SELL,1K–15K,Gil Cisneros,PRIM,Primoris Services Corp,2025-12-10,2026-01-13 00:00:00.000000,8000.0,Sell,Stock,
"Gil Cisneros
DemocratHouseCA","The Procter & Gamble Co
PG:US","13 Jan
2026","23 Dec
2025",SELL,1K–15K,Gil Cisneros,PG,The Procter & Gamble Co,2025-12-23,2026-01-13 00:00:00.000000,8000.0,Sell,Stock,
"Gil Cisneros
DemocratHouseCA","Public Storage
PSA:US","13 Jan
2026","18 Dec
2025",SELL,1K–15K,Gil Cisneros,PSA,Public Storage,2025-12-18,2026-01-13 00:00:00.000000,8000.0,Sell,Stock,
"Gil Cisneros
DemocratHouseCA","Quanta Services Inc
PWR:US","13 Jan
2026","18 Dec
2025",SELL,1K–15K,Gil Cisneros,PWR,Quanta Services Inc,2025-12-18,2026-01-13 00:00:00.000000,8000.0,Sell,Stock,
"Gil Cisneros
DemocratHouseCA","Quanta Services Inc
PWR:US","13 Jan
2026","23 Dec
2025",SELL,1K–15K,Gil Cisneros,PWR,Quanta Services Inc,2025-12-23,2026-01-13 00:00:00.000000,8000.0,Sell,Stock,
"Gil Cisneros
DemocratHouseCA","Realty Income Corp
N/A","13 Jan
2026","18 Dec
2025",BUY,1K–15K,Gil Cisneros,,Realty Income Corp,2025-12-18,2026-01-13 00:00:00.000000,8000.0,Buy,Stock,
"Gil Cisneros
DemocratHouseCA","RHEINMETALL AG
RNMBY:US","13 Jan
2026","30 Dec
2025",SELL,1K–15K,Gil Cisneros,RNMBY,RHEINMETALL AG,2025-12-30,2026-01-13 00:00:00.000000,8000.0,Sell,Stock,
"Gil Cisneros
DemocratHouseCA","Robinhood Markets Inc
HOOD:US","13 Jan
2026","23 Dec
2025",SELL,1K–15K,Gil Cisneros,HOOD,Robinhood Markets Inc,2025-12-23,2026-01-13 00:00:00.000000,8000.0,Sell,Stock,
"Gil Cisneros
DemocratHouseCA","Roblox Corp
RBLX:US","13 Jan
2026","23 Dec
2025",SELL,1K–15K,Gil Cisneros,RBLX,Roblox Corp,2025-12-23,2026-01-13 00:00:00.000000,8000.0,Sell,Stock,
"Gil Cisneros
DemocratHouseCA","SAN RAFAEL CITY ELEMENTARY SCHOOL DISTRICT CALIFORNIA
N/A","13 Jan
2026","16 Dec
2025",BUY,100K–250K,Gil Cisneros,,SAN RAFAEL CITY ELEMENTARY SCHOOL DISTRICT CALIFORNIA,2025-12-16,2026-01-13 00:00:00.000000,175000.0,Buy,Stock,
"Gil Cisneros
DemocratHouseCA","SBA Communications Corp
SBAC:US","13 Jan
2026","18 Dec
2025",SELL,1K–15K,Gil Cisneros,SBAC,SBA Communications Corp,2025-12-18,2026-01-13 00:00:00.000000,8000.0,Sell,Stock,
"Gil Cisneros
DemocratHouseCA","Schneider Electric SA
SBGSY:US","13 Jan
2026","29 Dec
2025",SELL,1K–15K,Gil Cisneros,SBGSY,Schneider Electric SA,2025-12-29,2026-01-13 00:00:00.000000,8000.0,Sell,Stock,
"Gil Cisneros
DemocratHouseCA","Spotify Technology S.A
SPOT:US","13 Jan
2026","23 Dec
2025",SELL,1K–15K,Gil Cisneros,SPOT,Spotify Technology S.A,2025-12-23,2026-01-13 00:00:00.000000,8000.0,Sell,Stock,
"Gil Cisneros
DemocratHouseCA","STANDARDAERO INC
SARO:US","13 Jan
2026","9 Dec
2025",BUY,1K–15K,Gil Cisneros,SARO,STANDARDAERO INC,2025-12-09,2026-01-13 00:00:00.000000,8000.0,Buy,Stock,
"Gil Cisneros
DemocratHouseCA","Stryker Corp
SYK:US","13 Jan
2026","9 Dec
2025",BUY,1K–15K,Gil Cisneros,SYK,Stryker Corp,2025-12-09,2026-01-13 00:00:00.000000,8000.0,Buy,Stock,
"Gil Cisneros
DemocratHouseCA","Supernus Pharmaceuticals Inc
SUPN:US","13 Jan
2026","10 Dec
2025",BUY,1K–15K,Gil Cisneros,SUPN,Supernus Pharmaceuticals Inc,2025-12-10,2026-01-13 00:00:00.000000,8000.0,Buy,Stock,
"Gil Cisneros
DemocratHouseCA","Taiwan Semiconductor Manufacturing Co Ltd
TSM:US","13 Jan
2026","23 Dec
2025",SELL,1K–15K,Gil Cisneros,TSM,Taiwan Semiconductor Manufacturing Co Ltd,2025-12-23,2026-01-13 00:00:00.000000,8000.0,Sell,Stock,
"Gil Cisneros
DemocratHouseCA","Targa Resources Corp
TRGP:US","13 Jan
2026","18 Dec
2025",BUY,1K–15K,Gil Cisneros,TRGP,Targa Resources Corp,2025-12-18,2026-01-13 00:00:00.000000,8000.0,Buy,Stock,
"Gil Cisneros
DemocratHouseCA","Tencent Holdings LTD
TCEHY:US","13 Jan
2026","29 Dec
2025",SELL,1K–15K,Gil Cisneros,TCEHY,Tencent Holdings LTD,2025-12-29,2026-01-13 00:00:00.000000,8000.0,Sell,Stock,
"Gil Cisneros
DemocratHouseCA","Campbell Soup Co
CPB:US","13 Jan
2026","18 Dec
2025",SELL,1K–15K,Gil Cisneros,CPB,Campbell Soup Co,2025-12-18,2026-01-13 00:00:00.000000,8000.0,Sell,Stock,
"Gil Cisneros
DemocratHouseCA","Campbell Soup Co
CPB:US","13 Jan
2026","29 Dec
2025",BUY,50K–100K,Gil Cisneros,CPB,Campbell Soup Co,2025-12-29,2026-01-13 00:00:00.000000,75000.0,Buy,Stock,
"Gil Cisneros
DemocratHouseCA","Cigna Corp
CI:US","13 Jan
2026","18 Dec
2025",BUY,1K–15K,Gil Cisneros,CI,Cigna Corp,2025-12-18,2026-01-13 00:00:00.000000,8000.0,Buy,Stock,
"Gil Cisneros
DemocratHouseCA","The Cooper Cos Inc
COO:US","13 Jan
2026","9 Dec
2025",BUY,1K–15K,Gil Cisneros,COO,The Cooper Cos Inc,2025-12-09,2026-01-13 00:00:00.000000,8000.0,Buy,Stock,
"Gil Cisneros
DemocratHouseCA","VITA COCO COMPANY INC
COCO:US","13 Jan
2026","10 Dec
2025",SELL,1K–15K,Gil Cisneros,COCO,VITA COCO COMPANY INC,2025-12-10,2026-01-13 00:00:00.000000,8000.0,Sell,Stock,
"Gil Cisneros
DemocratHouseCA","TransDigm Group Inc
TDG:US","13 Jan
2026","23 Dec
2025",SELL,1K–15K,Gil Cisneros,TDG,TransDigm Group Inc,2025-12-23,2026-01-13 00:00:00.000000,8000.0,Sell,Stock,
"Gil Cisneros
DemocratHouseCA","Uber Technologies Inc
UBER:US","13 Jan
2026","18 Dec
2025",BUY,1K–15K,Gil Cisneros,UBER,Uber Technologies Inc,2025-12-18,2026-01-13 00:00:00.000000,8000.0,Buy,Stock,
"Gil Cisneros
DemocratHouseCA","United Airlines Holdings Inc
UAL:US","13 Jan
2026","18 Dec
2025",BUY,1K–15K,Gil Cisneros,UAL,United Airlines Holdings Inc,2025-12-18,2026-01-13 00:00:00.000000,8000.0,Buy,Stock,
"Gil Cisneros
DemocratHouseCA","Unitedhealth Group Inc
UNH:US","13 Jan
2026","18 Dec
2025",BUY,15K–50K,Gil Cisneros,UNH,Unitedhealth Group Inc,2025-12-18,2026-01-13 00:00:00.000000,32500.0,Buy,Stock,
"Gil Cisneros
DemocratHouseCA","Verisign Inc
VRSN:US","13 Jan
2026","18 Dec
2025",BUY,1K–15K,Gil Cisneros,VRSN,Verisign Inc,2025-12-18,2026-01-13 00:00:00.000000,8000.0,Buy,Stock,
"Gil Cisneros
DemocratHouseCA","VERISK ANALYTICS Inc
VRSK:US","13 Jan
2026","18 Dec
2025",SELL,1K–15K,Gil Cisneros,VRSK,VERISK ANALYTICS Inc,2025-12-18,2026-01-13 00:00:00.000000,8000.0,Sell,Stock,
"Gil Cisneros
DemocratHouseCA","Vertiv Holdings Co
VRT:US","13 Jan
2026","23 Dec
2025",SELL,1K–15K,Gil Cisneros,VRT,Vertiv Holdings Co,2025-12-23,2026-01-13 00:00:00.000000,8000.0,Sell,Stock,
"Gil Cisneros
DemocratHouseCA","VICI Properties Inc
VICI:US","13 Jan
2026","18 Dec
2025",BUY,1K–15K,Gil Cisneros,VICI,VICI Properties Inc,2025-12-18,2026-01-13 00:00:00.000000,8000.0,Buy,Stock,
"Gil Cisneros
DemocratHouseCA","WISCONSIN HEALTH AND EDUCATIONAL FACILITIES AUTHORITY
N/A","13 Jan
2026","29 Dec
2025",BUY,250K–500K,Gil Cisneros,,WISCONSIN HEALTH AND EDUCATIONAL FACILITIES AUTHORITY,2025-12-29,2026-01-13 00:00:00.000000,375000.0,Buy,Stock,
"Gil Cisneros
DemocratHouseCA","Workday Inc
WDAY:US","13 Jan
2026","9 Dec
2025",BUY,1K–15K,Gil Cisneros,WDAY,Workday Inc,2025-12-09,2026-01-13 00:00:00.000000,8000.0,Buy,Stock,
"Gil Cisneros
DemocratHouseCA","XIAOMI CORPORATION
XIACF:US","13 Jan
2026","29 Dec
2025",SELL,1K–15K,Gil Cisneros,XIACF,XIAOMI CORPORATION,2025-12-29,2026-01-13 00:00:00.000000,8000.0,Sell,Stock,
"Gil Cisneros
DemocratHouseCA","Zoetis Inc
ZTS:US","13 Jan
2026","18 Dec
2025",BUY,1K–15K,Gil Cisneros,ZTS,Zoetis Inc,2025-12-18,2026-01-13 00:00:00.000000,8000.0,Buy,Stock,
"Doris Matsui
DemocratHouseCA","US TREASURY NOTE
N/A","12 Jan
2026","14 Dec
2025",BUY,500K–1M,Doris Matsui,,US TREASURY NOTE,2025-12-14,2026-01-12 00:00:00.000000,250500000.0,Buy,Stock,
"Bernie Moreno
RepublicanSenateOH","BOFA FINANCE LLC
N/A","9 Jan
2026","18 Dec
2025",BUY,1K–15K,Bernie Moreno,,BOFA FINANCE LLC,2025-12-18,2026-01-09 00:00:00.000000,8000.0,Buy,Stock,
"Bernie Moreno
RepublicanSenateOH","Canadian Imperial Bank of Commerce
CM:US","9 Jan
2026","16 Dec
2025",BUY,1K–15K,Bernie Moreno,CM,Canadian Imperial Bank of Commerce,2025-12-16,2026-01-09 00:00:00.000000,8000.0,Buy,Stock,
"Jonathan Jackson
DemocratHouseIL","MercadoLibre Inc
MELI:US","9 Jan
2026","9 Dec
2025",SELL,15K–50K,Jonathan Jackson,MELI,MercadoLibre Inc,2025-12-09,2026-01-09 00:00:00.000000,32500.0,Sell,Stock,
"Jonathan Jackson
DemocratHouseIL","Netflix Inc
NFLX:US","9 Jan
2026","7 Dec
2025",SELL,50K–100K,Jonathan Jackson,NFLX,Netflix Inc,2025-12-07,2026-01-09 00:00:00.000000,75000.0,Sell,Stock,
"Jonathan Jackson
DemocratHouseIL","Palantir Technologies Inc
PLTR:US","9 Jan
2026","21 Dec
2025",BUY,15K–50K,Jonathan Jackson,PLTR,Palantir Technologies Inc,2025-12-21,2026-01-09 00:00:00.000000,32500.0,Buy,Stock,
"Jonathan Jackson
DemocratHouseIL","Robinhood Markets Inc
HOOD:US","9 Jan
2026","21 Dec
2025",SELL,15K–50K,Jonathan Jackson,HOOD,Robinhood Markets Inc,2025-12-21,2026-01-09 00:00:00.000000,32500.0,Sell,Stock,
"Jonathan Jackson
DemocratHouseIL","Shopify Inc
SHOP:US","9 Jan
2026","7 Dec
2025",BUY,50K–100K,Jonathan Jackson,SHOP,Shopify Inc,2025-12-07,2026-01-09 00:00:00.000000,75000.0,Buy,Stock,
"Jonathan Jackson
DemocratHouseIL","Tenet Healthcare Corp
THC:US","9 Jan
2026","9 Dec
2025",BUY,15K–50K,Jonathan Jackson,THC,Tenet Healthcare Corp,2025-12-09,2026-01-09 00:00:00.000000,32500.0,Buy,Stock,
"David Rouzer
RepublicanHouseNC","Boeing Co
BA:US","8 Jan
2026","8 Dec
2025",SELL,1K–15K,David Rouzer,BA,Boeing Co,2025-12-08,2026-01-08 00:00:00.000000,8000.0,Sell,Stock,
"Lisa McClain
RepublicanHouseMI","xAI PVT
N/A","8 Jan
2026","14 Dec
2025",BUY,100K–250K,Lisa McClain,,xAI PVT,2025-12-14,2026-01-08 00:00:00.000000,175000.0,Buy,Stock,
"Tim Moore
RepublicanHouseNC","Cracker Barrel Old Country Store Inc
CBRL:US","8 Jan
2026","30 Dec
2025",BUY,15K–50K,Tim Moore,CBRL,Cracker Barrel Old Country Store Inc,2025-12-30,2026-01-08 00:00:00.000000,32500.0,Buy,Stock,
"Tim Moore
RepublicanHouseNC","GENPREX INC
GNPX:US","8 Jan
2026","17 Dec
2025",BUY,1K–15K,Tim Moore,GNPX,GENPREX INC,2025-12-17,2026-01-08 00:00:00.000000,8000.0,Buy,Stock,
"Tim Moore
RepublicanHouseNC","Harley-Davidson Inc
HOG:US","8 Jan
2026","17 Dec
2025",BUY,15K–50K,Tim Moore,HOG,Harley-Davidson Inc,2025-12-17,2026-01-08 00:00:00.000000,32500.0,Buy,Stock,
"Byron Donalds
RepublicanHouseFL","BITCOIN
$BTC","8 Jan
2026","17 Dec
2025",BUY,50K–100K,Byron Donalds,$BTC,BITCOIN,2025-12-17,2026-01-08 00:00:00.000000,75000.0,Buy,Stock,
"Gary Peters
DemocratSenateMI","Intel Corp
INTC:US","7 Jan
2026","11 Dec
2025",SELL,15K–50K,Gary Peters,INTC,Intel Corp,2025-12-11,2026-01-07 00:00:00.000000,32500.0,Sell,Stock,
"Gary Peters
DemocratSenateMI","Verizon Communications Inc
VZ:US","7 Jan
2026","11 Dec
2025",BUY,1K–15K,Gary Peters,VZ,Verizon Communications Inc,2025-12-11,2026-01-07 00:00:00.000000,8000.0,Buy,Stock,
"Zoe Lofgren
DemocratHouseCA","CALIFORNIA STATE PUBLIC WORKS BOARD
N/A","7 Jan
2026","10 Dec
2025",SELL,1K–15K,Zoe Lofgren,,CALIFORNIA STATE PUBLIC WORKS BOARD,2025-12-10,2026-01-07 00:00:00.000000,8000.0,Sell,Stock,
"Zoe Lofgren
DemocratHouseCA","LYNWOOD UNIFIED SCHOOL DISTRICT
N/A","7 Jan
2026","10 Dec
2025",SELL,100K–250K,Zoe Lofgren,,LYNWOOD UNIFIED SCHOOL DISTRICT,2025-12-10,2026-01-07 00:00:00.000000,175000.0,Sell,Stock,
"John Hickenlooper
DemocratSenateCO","Formula One Group - The Liberty Media Group
FWONK:US","6 Jan
2026","9 Dec
2025",SELL,15K–50K,John Hickenlooper,FWONK,Formula One Group - The Liberty Media Group,2025-12-09,2026-01-06 00:00:00.000000,32500.0,Sell,Stock,
"John Hickenlooper
DemocratSenateCO","Formula One Group - The Liberty Media Group
FWONK:US","6 Jan
2026","9 Dec
2025",SELL,50K–100K,John Hickenlooper,FWONK,Formula One Group - The Liberty Media Group,2025-12-09,2026-01-06 00:00:00.000000,75000.0,Sell,Stock,
"John Fetterman
DemocratSenatePA","Steel Dynamics Inc
STLD:US","6 Jan
2026","21 Dec
2025",SELL,1K–15K,John Fetterman,STLD,Steel Dynamics Inc,2025-12-21,2026-01-06 00:00:00.000000,8000.0,Sell,Stock,
"Lindsey Graham
RepublicanSenateSC","INVESCO BULLETSHARES 2025 CORPORATE BOND ETF (BSCP)
N/A","6 Jan
2026","16 Dec
2025",SELL,15K–50K,Lindsey Graham,,INVESCO BULLETSHARES 2025 CORPORATE BOND ETF (BSCP),2025-12-16,2026-01-06 00:00:00.000000,32500.0,Sell,Stock,
"Lindsey Graham
RepublicanSenateSC","US TREASURY BILLS
N/A","6 Jan
2026","30 Dec
2025",BUY,50K–100K,Lindsey Graham,,US TREASURY BILLS,2025-12-30,2026-01-06 00:00:00.000000,75000.0,Buy,Stock,
"Lindsey Graham
RepublicanSenateSC","iShares iBonds Dec 2025 Term Corporate ETF
IBDQ:US","6 Jan
2026","17 Dec
2025",SELL,15K–50K,Lindsey Graham,IBDQ,iShares iBonds Dec 2025 Term Corporate ETF,2025-12-17,2026-01-06 00:00:00.000000,32500.0,Sell,Stock,
"Lindsey Graham
RepublicanSenateSC","US TREASURY BILLS
N/A","6 Jan
2026","30 Dec
2025",BUY,15K–50K,Lindsey Graham,,US TREASURY BILLS,2025-12-30,2026-01-06 00:00:00.000000,32500.0,Buy,Stock,
"Shelley Moore Capito
RepublicanSenateWV","Kellogg Co
K:US","6 Jan
2026","10 Dec
2025",SELL,1K–15K,Shelley Moore Capito,K,Kellogg Co,2025-12-10,2026-01-06 00:00:00.000000,8000.0,Sell,Stock,
"Shelley Moore Capito
RepublicanSenateWV","Microsoft Corp
MSFT:US","6 Jan
2026","15 Dec
2025",SELL,1K–15K,Shelley Moore Capito,MSFT,Microsoft Corp,2025-12-15,2026-01-06 00:00:00.000000,8000.0,Sell,Stock,
"Shelley Moore Capito
RepublicanSenateWV","Apple Inc
AAPL:US","6 Jan
2026","15 Dec
2025",SELL,1K–15K,Shelley Moore Capito,AAPL,Apple Inc,2025-12-15,2026-01-06 00:00:00.000000,8000.0,Sell,Stock,
"Shelley Moore Capito
RepublicanSenateWV","Alphabet Inc
GOOGL:US","6 Jan
2026","15 Dec
2025",SELL,1K–15K,Shelley Moore Capito,GOOGL,Alphabet Inc,2025-12-15,2026-01-06 00:00:00.000000,8000.0,Sell,Stock,
"April McClain Delaney
DemocratHouseMD","Brown & Brown Inc
BRO:US","6 Jan
2026","11 Dec
2025",BUY,1K–15K,April McClain Delaney,BRO,Brown & Brown Inc,2025-12-11,2026-01-06 00:00:00.000000,8000.0,Buy,Stock,
"April McClain Delaney
DemocratHouseMD","Tractor Supply Co
TSCO:US","6 Jan
2026","11 Dec
2025",BUY,1K–15K,April McClain Delaney,TSCO,Tractor Supply Co,2025-12-11,2026-01-06 00:00:00.000000,8000.0,Buy,Stock,
"Virginia Foxx
RepublicanHouseNC","ELLINGTON FINANCIAL INC
EFC:US","6 Jan
2026","29 Dec
2025",BUY,1K–15K,Virginia Foxx,EFC,ELLINGTON FINANCIAL INC,2025-12-29,2026-01-06 00:00:00.000000,8000.0,Buy,Stock,
"Lloyd Doggett
DemocratHouseTX","The Coca-Cola Co
KO:US","5 Jan
2026","14 Dec
2025",BUY,1K–15K,Lloyd Doggett,KO,The Coca-Cola Co,2025-12-14,2026-01-05 00:00:00.000000,8000.0,Buy,Stock,
"Lloyd Doggett
DemocratHouseTX","The Home Depot Inc
HD:US","5 Jan
2026","17 Dec
2025",BUY,1K–15K,Lloyd Doggett,HD,The Home Depot Inc,2025-12-17,2026-01-05 00:00:00.000000,8000.0,Buy,Stock,
"Lloyd Doggett
DemocratHouseTX","International Business Machines Corp
IBM:US","5 Jan
2026","11 Dec
2025",BUY,1K–15K,Lloyd Doggett,IBM,International Business Machines Corp,2025-12-11,2026-01-05 00:00:00.000000,8000.0,Buy,Stock,
"Lloyd Doggett
DemocratHouseTX","Johnson & Johnson
JNJ:US","5 Jan
2026","8 Dec
2025",BUY,1K–15K,Lloyd Doggett,JNJ,Johnson & Johnson,2025-12-08,2026-01-05 00:00:00.000000,8000.0,Buy,Stock,
"Lloyd Doggett
DemocratHouseTX","PPG Industries Inc
PPG:US","5 Jan
2026","11 Dec
2025",BUY,1K–15K,Lloyd Doggett,PPG,PPG Industries Inc,2025-12-11,2026-01-05 00:00:00.000000,8000.0,Buy,Stock,
"Ann Wagner
RepublicanHouseMO","TEAYS VALLEY LOCAL SCHOOL DISTRICT OHIO
N/A","5 Jan
2026","17 Dec
2025",BUY,100K–250K,Ann Wagner,,TEAYS VALLEY LOCAL SCHOOL DISTRICT OHIO,2025-12-17,2026-01-05 00:00:00.000000,175000.0,Buy,Stock,
"Don Beyer
DemocratHouseVA","WASHINGTON KING COUNTY
N/A","5 Jan
2026","17 Dec
2025",SELL,15K–50K,Don Beyer,,WASHINGTON KING COUNTY,2025-12-17,2026-01-05 00:00:00.000000,32500.0,Sell,Stock,
"Don Beyer
DemocratHouseVA","TOWN OF MADISON CONNECTICUT
N/A","5 Jan
2026","17 Dec
2025",SELL,50K–100K,Don Beyer,,TOWN OF MADISON CONNECTICUT,2025-12-17,2026-01-05 00:00:00.000000,75000.0,Sell,Stock,
"Don Beyer
DemocratHouseVA","STATE OF WEST VIRGINIA
N/A","5 Jan
2026","9 Dec
2025",SELL,50K–100K,Don Beyer,,STATE OF WEST VIRGINIA,2025-12-09,2026-01-05 00:00:00.000000,75000.0,Sell,Stock,
"Jefferson Shreve
RepublicanHouseIN","JPMorgan Chase & Co
JPM:US","2 Jan
2026","29 Dec
2025",BUY,5M–25M,Jefferson Shreve,JPM,JPMorgan Chase & Co,2025-12-29,2026-01-02 00:00:00.000000,15000000.0,Buy,Stock,
"Jefferson Shreve
RepublicanHouseIN","Prudential Financial Inc
PRU:US","2 Jan
2026","28 Dec
2025",BUY,5M–25M,Jefferson Shreve,PRU,Prudential Financial Inc,2025-12-28,2026-01-02 00:00:00.000000,15000000.0,Buy,Stock,
"Jefferson Shreve
RepublicanHouseIN","JP MORGAN CHASE FINANCE LTD
N/A","31 Dec
2025","29 Dec
2025",BUY,5M–25M,Jefferson Shreve,,JP MORGAN CHASE FINANCE LTD,2025-12-29,2025-12-31 00:00:00.000000,15000000.0,Buy,Stock,
"Jefferson Shreve
RepublicanHouseIN","Prudential PLC
PUK:US","31 Dec
2025","28 Dec
2025",BUY,5M–25M,Jefferson Shreve,PUK,Prudential PLC,2025-12-28,2025-12-31 00:00:00.000000,15000000.0,Buy,Stock,
"Dave McCormick
RepublicanSenatePA","DELAWARE COUNTY PENNSYLVANIA
N/A","26 Dec
2025","16 Dec
2025",BUY,250K–500K,Dave McCormick,,DELAWARE COUNTY PENNSYLVANIA,2025-12-16,2025-12-26 00:00:00.000000,375000.0,Buy,Stock,
"Dave McCormick
RepublicanSenatePA","DEPARTMENT OF STATE PENNSYLVANIA
N/A","26 Dec
2025","9 Dec
2025",BUY,250K–500K,Dave McCormick,,DEPARTMENT OF STATE PENNSYLVANIA,2025-12-09,2025-12-26 00:00:00.000000,375000.0,Buy,Stock,
"Dave McCormick
RepublicanSenatePA","OHIO STATE UNIVERSITY
N/A","26 Dec
2025","16 Dec
2025",BUY,100K–250K,Dave McCormick,,OHIO STATE UNIVERSITY,2025-12-16,2025-12-26 00:00:00.000000,175000.0,Buy,Stock,
"Dave McCormick
RepublicanSenatePA","DEPARTMENT OF STATE PENNSYLVANIA
N/A","26 Dec
2025","14 Dec
2025",BUY,100K–250K,Dave McCormick,,DEPARTMENT OF STATE PENNSYLVANIA,2025-12-14,2025-12-26 00:00:00.000000,175000.0,Buy,Stock,
"Dave McCormick
RepublicanSenatePA","ENERGY NORTHWEST
N/A","26 Dec
2025","8 Dec
2025",BUY,100K–250K,Dave McCormick,,ENERGY NORTHWEST,2025-12-08,2025-12-26 00:00:00.000000,175000.0,Buy,Stock,
"Dave McCormick
RepublicanSenatePA","CITY OF PHILADELPHIA PENNSYLVANIA
N/A","26 Dec
2025","7 Dec
2025",SELL,100K–250K,Dave McCormick,,CITY OF PHILADELPHIA PENNSYLVANIA,2025-12-07,2025-12-26 00:00:00.000000,175000.0,Sell,Stock,
"Rudy Yakym
RepublicanHouseIN","US TREASURY BILLS
N/A","24 Dec
2025","22 Dec
2025",BUY,15K–50K,Rudy Yakym,,US TREASURY BILLS,2025-12-22,2025-12-24 00:00:00.000000,32500.0,Buy,Stock,
"Nicole Malliotakis
RepublicanHouseNY","US TREASURY BILLS
N/A","24 Dec
2025","18 Dec
2025",SELL,1K–15K,Nicole Malliotakis,,US TREASURY BILLS,2025-12-18,2025-12-24 00:00:00.000000,8000.0,Sell,Stock,
"Nicole Malliotakis
RepublicanHouseNY","Chipotle Mexican Grill Inc
CMG:US","24 Dec
2025","18 Dec
2025",SELL,1K–15K,Nicole Malliotakis,CMG,Chipotle Mexican Grill Inc,2025-12-18,2025-12-24 00:00:00.000000,8000.0,Sell,Stock,
"Nicole Malliotakis
RepublicanHouseNY","Flagstar Bancorp Inc
FBC:US","24 Dec
2025","18 Dec
2025",SELL,1K–15K,Nicole Malliotakis,FBC,Flagstar Bancorp Inc,2025-12-18,2025-12-24 00:00:00.000000,8000.0,Sell,Stock,
"Nicole Malliotakis
RepublicanHouseNY","Icahn Enterprises LP
IEP:US","24 Dec
2025","18 Dec
2025",BUY,15K–50K,Nicole Malliotakis,IEP,Icahn Enterprises LP,2025-12-18,2025-12-24 00:00:00.000000,32500.0,Buy,Stock,
"David Taylor
RepublicanHouseOH","Eaton Corp PLC
ETN:US","22 Dec
2025","9 Dec
2025",BUY,1K–15K,David Taylor,ETN,Eaton Corp PLC,2025-12-09,2025-12-22 00:00:00.000000,8000.0,Buy,Stock,
"David Taylor
RepublicanHouseOH","Eli Lilly and Co
LLY:US","22 Dec
2025","9 Dec
2025",SELL,1K–15K,David Taylor,LLY,Eli Lilly and Co,2025-12-09,2025-12-22 00:00:00.000000,8000.0,Sell,Stock,
"David Taylor
RepublicanHouseOH","The Home Depot Inc
HD:US","22 Dec
2025","9 Dec
2025",BUY,1K–15K,David Taylor,HD,The Home Depot Inc,2025-12-09,2025-12-22 00:00:00.000000,8000.0,Buy,Stock,
"Tim Moore
RepublicanHouseNC","Cracker Barrel Old Country Store Inc
CBRL:US","22 Dec
2025","8 Dec
2025",BUY,50K–100K,Tim Moore,CBRL,Cracker Barrel Old Country Store Inc,2025-12-08,2025-12-22 00:00:00.000000,75000.0,Buy,Stock,
"Tim Moore
RepublicanHouseNC","Cracker Barrel Old Country Store Inc
CBRL:US","22 Dec
2025","15 Dec
2025",BUY,15K–50K,Tim Moore,CBRL,Cracker Barrel Old Country Store Inc,2025-12-15,2025-12-22 00:00:00.000000,32500.0,Buy,Stock,
"Tim Moore
RepublicanHouseNC","Cracker Barrel Old Country Store Inc
CBRL:US","22 Dec
2025","9 Dec
2025",SELL,50K–100K,Tim Moore,CBRL,Cracker Barrel Old Country Store Inc,2025-12-09,2025-12-22 00:00:00.000000,75000.0,Sell,Stock,
"Tim Moore
RepublicanHouseNC","Harley-Davidson Inc
HOG:US","22 Dec
2025","8 Dec
2025",BUY,15K–50K,Tim Moore,HOG,Harley-Davidson Inc,2025-12-08,2025-12-22 00:00:00.000000,32500.0,Buy,Stock,
"Tim Moore
RepublicanHouseNC","Verizon Communications Inc
VZ:US","22 Dec
2025","9 Dec
2025",BUY,15K–50K,Tim Moore,VZ,Verizon Communications Inc,2025-12-09,2025-12-22 00:00:00.000000,32500.0,Buy,Stock,
"Kelly Morrison
DemocratHouseMN","BENABLE
N/A","22 Dec
2025","14 Dec
2025",BUY,15K–50K,Kelly Morrison,,BENABLE,2025-12-14,2025-12-22 00:00:00.000000,32500.0,Buy,Stock,
"Rob Bresnahan
RepublicanHousePA","Kellogg Co
K:US","22 Dec
2025","10 Dec
2025",SELL,1K–15K,Rob Bresnahan,K,Kellogg Co,2025-12-10,2025-12-22 00:00:00.000000,8000.0,Sell,Stock,
"Cleo Fields
DemocratHouseLA","Alphabet Inc
GOOGL:US","18 Dec
2025","14 Dec
2025",BUY,15K–50K,Cleo Fields,GOOGL,Alphabet Inc,2025-12-14,2025-12-18 00:00:00.000000,32500.0,Buy,Stock,
"Cleo Fields
DemocratHouseLA","Alphabet Inc
GOOGL:US","18 Dec
2025","10 Dec
2025",BUY,100K–250K,Cleo Fields,GOOGL,Alphabet Inc,2025-12-10,2025-12-18 00:00:00.000000,175000.0,Buy,Stock,
"Cleo Fields
DemocratHouseLA","Alphabet Inc
GOOGL:US","18 Dec
2025","8 Dec
2025",BUY,50K–100K,Cleo Fields,GOOGL,Alphabet Inc,2025-12-08,2025-12-18 00:00:00.000000,75000.0,Buy,Stock,
"Cleo Fields
DemocratHouseLA","Alphabet Inc
GOOGL:US","18 Dec
2025","14 Dec
2025",BUY,1K–15K,Cleo Fields,GOOGL,Alphabet Inc,2025-12-14,2025-12-18 00:00:00.000000,8000.0,Buy,Stock,
"Cleo Fields
DemocratHouseLA","ARM HOLDINGS PLC
ARM:US","18 Dec
2025","10 Dec
2025",SELL,50K–100K,Cleo Fields,ARM,ARM HOLDINGS PLC,2025-12-10,2025-12-18 00:00:00.000000,75000.0,Sell,Stock,
"Cleo Fields
DemocratHouseLA","AT&T Inc
T:US","18 Dec
2025","10 Dec
2025",SELL,15K–50K,Cleo Fields,T,AT&T Inc,2025-12-10,2025-12-18 00:00:00.000000,32500.0,Sell,Stock,
"Cleo Fields
DemocratHouseLA","COREWEAVE INC
CRWV:US","18 Dec
2025","10 Dec
2025",SELL,15K–50K,Cleo Fields,CRWV,COREWEAVE INC,2025-12-10,2025-12-18 00:00:00.000000,32500.0,Sell,Stock,
"Cleo Fields
DemocratHouseLA","IREN LIMITED
IREN:US","18 Dec
2025","8 Dec
2025",BUY,1K–15K,Cleo Fields,IREN,IREN LIMITED,2025-12-08,2025-12-18 00:00:00.000000,8000.0,Buy,Stock,
"Cleo Fields
DemocratHouseLA","Microsoft Corp
MSFT:US","18 Dec
2025","10 Dec
2025",BUY,1K–15K,Cleo Fields,MSFT,Microsoft Corp,2025-12-10,2025-12-18 00:00:00.000000,8000.0,Buy,Stock,
"Cleo Fields
DemocratHouseLA","SOUNDHOUND AI INC
SOUN:US","18 Dec
2025","14 Dec
2025",SELL,1K–15K,Cleo Fields,SOUN,SOUNDHOUND AI INC,2025-12-14,2025-12-18 00:00:00.000000,8000.0,Sell,Stock,
"Cleo Fields
DemocratHouseLA","Uber Technologies Inc
UBER:US","18 Dec
2025","10 Dec
2025",SELL,50K–100K,Cleo Fields,UBER,Uber Technologies Inc,2025-12-10,2025-12-18 00:00:00.000000,75000.0,Sell,Stock,
"Marjorie Taylor Greene
RepublicanHouseGA","US TREASURY BILLS
N/A","17 Dec
2025","11 Dec
2025",BUY,100K–250K,Marjorie Taylor Greene,,US TREASURY BILLS,2025-12-11,2025-12-17 00:00:00.000000,175000.0,Buy,Stock,
"Gil Cisneros
DemocratHouseCA","Federal Signal Corp
FSS:US","10 Mar
2026","1 Mar
2026",BUY,1K–15K,Gil Cisneros,FSS,Federal Signal Corp,2026-03-01,2026-03-10 00:00:00.000000,8000.0,Buy,Stock,
"Gil Cisneros
DemocratHouseCA","Thermon Group Holdings Inc
THR:US","10 Mar
2026","1 Mar
2026",SELL,1K–15K,Gil Cisneros,THR,Thermon Group Holdings Inc,2026-03-01,2026-03-10 00:00:00.000000,8000.0,Sell,Stock,
"Kelly Morrison
DemocratHouseMN","ARCADE AI INC
N/A","4 Mar
2026","1 Mar
2026",BUY,15K–50K,Kelly Morrison,,ARCADE AI INC,2026-03-01,2026-03-04 00:00:00.000000,32500.0,Buy,Stock,
"Kelly Morrison
DemocratHouseMN","SARONIC TECHNOLOGIES INC
N/A","11 Mar
2026","8 Mar
2026",BUY,15K–50K,Kelly Morrison,,SARONIC TECHNOLOGIES INC,2026-03-08,2026-03-11 00:00:00.000000,32500.0,Buy,Stock,
"Kelly Morrison
DemocratHouseMN","MAGNUM ICE CREAM COMPANY NV
N/A","11 Mar
2026","7 Mar
2026",SELL,1K–15K,Kelly Morrison,,MAGNUM ICE CREAM COMPANY NV,2026-03-07,2026-03-11 00:00:00.000000,8000.0,Sell,Stock,
"Kelly Morrison
DemocratHouseMN","Arthur J. Gallagher & Co
AJG:US","11 Mar
2026","7 Mar
2026",SELL,15K–50K,Kelly Morrison,AJG,Arthur J. Gallagher & Co,2026-03-07,2026-03-11 00:00:00.000000,32500.0,Sell,Stock,
"Kelly Morrison
DemocratHouseMN","Arthur J. Gallagher & Co
AJG:US","11 Mar
2026","7 Mar
2026",SELL,1K–15K,Kelly Morrison,AJG,Arthur J. Gallagher & Co,2026-03-07,2026-03-11 00:00:00.000000,8000.0,Sell,Stock,
"Kelly Morrison
DemocratHouseMN","SARONIC TECHNOLOGIES INC
N/A","11 Mar
2026","8 Mar
2026",BUY,15K–50K,Kelly Morrison,N/A,SARONIC TECHNOLOGIES INC,2026-03-08,2026-03-11 00:00:00.000000,32500.0,Buy,Stock,
"Kelly Morrison
DemocratHouseMN","MAGNUM ICE CREAM COMPANY NV
N/A","11 Mar
2026","7 Mar
2026",SELL,1K–15K,Kelly Morrison,N/A,MAGNUM ICE CREAM COMPANY NV,2026-03-07,2026-03-11 00:00:00.000000,8000.0,Sell,Stock,
"Pete Sessions
RepublicanHouseTX","Verizon Communications Inc
VZ:US","10 Mar
2026","8 Mar
2026",SELL,1K–15K,Pete Sessions,VZ,Verizon Communications Inc,2026-03-08,2026-03-10 00:00:00.000000,8000.0,Sell,Stock,
